"county_fips","state_fips","county","state"
"01001","01","Autauga","AL"
"01003","01","Baldwin","AL"
"01005","01","Barbour","AL"
"01007","01","Bibb","AL"
"01009","01","Blount","AL"
"01011","01","Bullock","AL"
"01013","01","Butler","AL"
"01015","01","Calhoun","AL"
"01017","01","Chambers","AL"
"01019","01","Cherokee","AL"
"01021","01","Chilton","AL"
"01023","01","Choctaw","AL"
"01025","01","Clarke","AL"
"01027","01","Clay","AL"
"01029","01","Cleburne","AL"
"01031","01","Coffee","AL"
"01033","01","Colbert","AL"
"01035","01","Conecuh","AL"
"01037","01","Coosa","AL"
"01039","01","Covington","AL"
"01041","01","Crenshaw","AL"
"01043","01","Cullman","AL"
"01045","01","Dale","AL"
"01047","01","Dallas","AL"
"01049","01","DeKalb","AL"
"01051","01","Elmore","AL"
"01053","01","Escambia","AL"
"01055","01","Etowah","AL"
"01057","01","Fayette","AL"
"01059","01","Franklin","AL"
"01061","01","Geneva","AL"
"01063","01","Greene","AL"
"01065","01","Hale","AL"
"01067","01","Henry","AL"
"01069","01","Houston","AL"
"01071","01","Jackson","AL"
"01073","01","Jefferson","AL"
"01075","01","Lamar","AL"
"01077","01","Lauderdale","AL"
"01079","01","Lawrence","AL"
"01081","01","Lee","AL"
"01083","01","Limestone","AL"
"01085","01","Lowndes","AL"
"01087","01","Macon","AL"
"01089","01","Madison","AL"
"01091","01","Marengo","AL"
"01093","01","Marion","AL"
"01095","01","Marshall","AL"
"01097","01","Mobile","AL"
"01099","01","Monroe","AL"
"01101","01","Montgomery","AL"
"01103","01","Morgan","AL"
"01105","01","Perry","AL"
"01107","01","Pickens","AL"
"01109","01","Pike","AL"
"01111","01","Randolph","AL"
"01113","01","Russell","AL"
"01115","01","Saint Clair","AL"
"01117","01","Shelby","AL"
"01119","01","Sumter","AL"
"01121","01","Talladega","AL"
"01123","01","Tallapoosa","AL"
"01125","01","Tuscaloosa","AL"
"01127","01","Walker","AL"
"01129","01","Washington","AL"
"01131","01","Wilcox","AL"
"01133","01","Winston","AL"
"02013","02","Aleutians East","AK"
"02016","02","Aleutians West","AK"
"02020","02","Anchorage","AK"
"02050","02","Bethel","AK"
"02060","02","Bristol Bay","AK"
"02068","02","Denali","AK"
"02070","02","Dillingham","AK"
"02090","02","Fairbanks North Star","AK"
"02100","02","Haines","AK"
"02105","02","Hoonah-Angoon","AK"
"02110","02","Juneau","AK"
"02122","02","Kenai Peninsula","AK"
"02130","02","Ketchikan Gateway","AK"
"02150","02","Kodiak Island","AK"
"02164","02","Lake and Peninsula","AK"
"02170","02","Matanuska Susitna","AK"
"02180","02","Nome","AK"
"02185","02","North Slope","AK"
"02188","02","Northwest Arctic","AK"
"02195","02","Petersburg Census Area","AK"
"02198","02","Prince Wales Hyder","AK"
"02220","02","Sitka","AK"
"02230","02","Skagway","AK"
"02240","02","Southeast Fairbanks","AK"
"02261","02","Valdez Cordova","AK"
"02270","02","Wade Hampton","AK"
"02275","02","Wrangell","AK"
"02280","02","Petersburg","AK"
"02282","02","Yakutat","AK"
"02290","02","Yukon Koyukuk","AK"
"04001","04","Apache","AZ"
"04003","04","Cochise","AZ"
"04005","04","Coconino","AZ"
"04007","04","Gila","AZ"
"04009","04","Graham","AZ"
"04011","04","Greenlee","AZ"
"04012","04","La Paz","AZ"
"04013","04","Maricopa","AZ"
"04015","04","Mohave","AZ"
"04017","04","Navajo","AZ"
"04019","04","Pima","AZ"
"04021","04","Pinal","AZ"
"04023","04","Santa Cruz","AZ"
"04025","04","Yavapai","AZ"
"04027","04","Yuma","AZ"
"05001","05","Arkansas","AR"
"05003","05","Ashley","AR"
"05005","05","Baxter","AR"
"05007","05","Benton","AR"
"05009","05","Boone","AR"
"05011","05","Bradley","AR"
"05013","05","Calhoun","AR"
"05015","05","Carroll","AR"
"05017","05","Chicot","AR"
"05019","05","Clark","AR"
"05021","05","Clay","AR"
"05023","05","Cleburne","AR"
"05025","05","Cleveland","AR"
"05027","05","Columbia","AR"
"05029","05","Conway","AR"
"05031","05","Craighead","AR"
"05033","05","Crawford","AR"
"05035","05","Crittenden","AR"
"05037","05","Cross","AR"
"05039","05","Dallas","AR"
"05041","05","Desha","AR"
"05043","05","Drew","AR"
"05045","05","Faulkner","AR"
"05047","05","Franklin","AR"
"05049","05","Fulton","AR"
"05051","05","Garland","AR"
"05053","05","Grant","AR"
"05055","05","Greene","AR"
"05057","05","Hempstead","AR"
"05059","05","Hot Spring","AR"
"05061","05","Howard","AR"
"05063","05","Independence","AR"
"05065","05","Izard","AR"
"05067","05","Jackson","AR"
"05069","05","Jefferson","AR"
"05071","05","Johnson","AR"
"05073","05","Lafayette","AR"
"05075","05","Lawrence","AR"
"05077","05","Lee","AR"
"05079","05","Lincoln","AR"
"05081","05","Little River","AR"
"05083","05","Logan","AR"
"05085","05","Lonoke","AR"
"05087","05","Madison","AR"
"05089","05","Marion","AR"
"05091","05","Miller","AR"
"05093","05","Mississippi","AR"
"05095","05","Monroe","AR"
"05097","05","Montgomery","AR"
"05099","05","Nevada","AR"
"05101","05","Newton","AR"
"05103","05","Ouachita","AR"
"05105","05","Perry","AR"
"05107","05","Phillips","AR"
"05109","05","Pike","AR"
"05111","05","Poinsett","AR"
"05113","05","Polk","AR"
"05115","05","Pope","AR"
"05117","05","Prairie","AR"
"05119","05","Pulaski","AR"
"05121","05","Randolph","AR"
"05123","05","Saint Francis","AR"
"05125","05","Saline","AR"
"05127","05","Scott","AR"
"05129","05","Searcy","AR"
"05131","05","Sebastian","AR"
"05133","05","Sevier","AR"
"05135","05","Sharp","AR"
"05137","05","Stone","AR"
"05139","05","Union","AR"
"05141","05","Van Buren","AR"
"05143","05","Washington","AR"
"05145","05","White","AR"
"05147","05","Woodruff","AR"
"05149","05","Yell","AR"
"06001","06","Alameda","CA"
"06003","06","Alpine","CA"
"06005","06","Amador","CA"
"06007","06","Butte","CA"
"06009","06","Calaveras","CA"
"06011","06","Colusa","CA"
"06013","06","Contra Costa","CA"
"06015","06","Del Norte","CA"
"06017","06","El Dorado","CA"
"06019","06","Fresno","CA"
"06021","06","Glenn","CA"
"06023","06","Humboldt","CA"
"06025","06","Imperial","CA"
"06027","06","Inyo","CA"
"06029","06","Kern","CA"
"06031","06","Kings","CA"
"06033","06","Lake","CA"
"06035","06","Lassen","CA"
"06037","06","Los Angeles","CA"
"06039","06","Madera","CA"
"06041","06","Marin","CA"
"06043","06","Mariposa","CA"
"06045","06","Mendocino","CA"
"06047","06","Merced","CA"
"06049","06","Modoc","CA"
"06051","06","Mono","CA"
"06053","06","Monterey","CA"
"06055","06","Napa","CA"
"06057","06","Nevada","CA"
"06059","06","Orange","CA"
"06061","06","Placer","CA"
"06063","06","Plumas","CA"
"06065","06","Riverside","CA"
"06067","06","Sacramento","CA"
"06069","06","San Benito","CA"
"06071","06","San Bernardino","CA"
"06073","06","San Diego","CA"
"06075","06","San Francisco","CA"
"06077","06","San Joaquin","CA"
"06079","06","San Luis Obispo","CA"
"06081","06","San Mateo","CA"
"06083","06","Santa Barbara","CA"
"06085","06","Santa Clara","CA"
"06087","06","Santa Cruz","CA"
"06089","06","Shasta","CA"
"06091","06","Sierra","CA"
"06093","06","Siskiyou","CA"
"06095","06","Solano","CA"
"06097","06","Sonoma","CA"
"06099","06","Stanislaus","CA"
"06101","06","Sutter","CA"
"06103","06","Tehama","CA"
"06105","06","Trinity","CA"
"06107","06","Tulare","CA"
"06109","06","Tuolumne","CA"
"06111","06","Ventura","CA"
"06113","06","Yolo","CA"
"06115","06","Yuba","CA"
"08001","08","Adams","CO"
"08003","08","Alamosa","CO"
"08005","08","Arapahoe","CO"
"08007","08","Archuleta","CO"
"08009","08","Baca","CO"
"08011","08","Bent","CO"
"08013","08","Boulder","CO"
"08014","08","Broomfield","CO"
"08015","08","Chaffee","CO"
"08017","08","Cheyenne","CO"
"08019","08","Clear Creek","CO"
"08021","08","Conejos","CO"
"08023","08","Costilla","CO"
"08025","08","Crowley","CO"
"08027","08","Custer","CO"
"08029","08","Delta","CO"
"08031","08","Denver","CO"
"08033","08","Dolores","CO"
"08035","08","Douglas","CO"
"08037","08","Eagle","CO"
"08039","08","Elbert","CO"
"08041","08","El Paso","CO"
"08043","08","Fremont","CO"
"08045","08","Garfield","CO"
"08047","08","Gilpin","CO"
"08049","08","Grand","CO"
"08051","08","Gunnison","CO"
"08053","08","Hinsdale","CO"
"08055","08","Huerfano","CO"
"08057","08","Jackson","CO"
"08059","08","Jefferson","CO"
"08061","08","Kiowa","CO"
"08063","08","Kit Carson","CO"
"08065","08","Lake","CO"
"08067","08","La Plata","CO"
"08069","08","Larimer","CO"
"08071","08","Las Animas","CO"
"08073","08","Lincoln","CO"
"08075","08","Logan","CO"
"08077","08","Mesa","CO"
"08079","08","Mineral","CO"
"08081","08","Moffat","CO"
"08083","08","Montezuma","CO"
"08085","08","Montrose","CO"
"08087","08","Morgan","CO"
"08089","08","Otero","CO"
"08091","08","Ouray","CO"
"08093","08","Park","CO"
"08095","08","Phillips","CO"
"08097","08","Pitkin","CO"
"08099","08","Prowers","CO"
"08101","08","Pueblo","CO"
"08103","08","Rio Blanco","CO"
"08105","08","Rio Grande","CO"
"08107","08","Routt","CO"
"08109","08","Saguache","CO"
"08111","08","San Juan","CO"
"08113","08","San Miguel","CO"
"08115","08","Sedgwick","CO"
"08117","08","Summit","CO"
"08119","08","Teller","CO"
"08121","08","Washington","CO"
"08123","08","Weld","CO"
"08125","08","Yuma","CO"
"09001","09","Fairfield","CT"
"09003","09","Hartford","CT"
"09005","09","Litchfield","CT"
"09007","09","Middlesex","CT"
"09009","09","New Haven","CT"
"09011","09","New London","CT"
"09013","09","Tolland","CT"
"09015","09","Windham","CT"
10001,10,"Kent","DE"
10003,10,"New Castle","DE"
10005,10,"Sussex","DE"
11001,11,"District of Columbia","DC"
12001,12,"Alachua","FL"
12003,12,"Baker","FL"
12005,12,"Bay","FL"
12007,12,"Bradford","FL"
12009,12,"Brevard","FL"
12011,12,"Broward","FL"
12013,12,"Calhoun","FL"
12015,12,"Charlotte","FL"
12017,12,"Citrus","FL"
12019,12,"Clay","FL"
12021,12,"Collier","FL"
12023,12,"Columbia","FL"
12027,12,"DeSoto","FL"
12029,12,"Dixie","FL"
12031,12,"Duval","FL"
12033,12,"Escambia","FL"
12035,12,"Flagler","FL"
12037,12,"Franklin","FL"
12039,12,"Gadsden","FL"
12041,12,"Gilchrist","FL"
12043,12,"Glades","FL"
12045,12,"Gulf","FL"
12047,12,"Hamilton","FL"
12049,12,"Hardee","FL"
12051,12,"Hendry","FL"
12053,12,"Hernando","FL"
12055,12,"Highlands","FL"
12057,12,"Hillsborough","FL"
12059,12,"Holmes","FL"
12061,12,"Indian River","FL"
12063,12,"Jackson","FL"
12065,12,"Jefferson","FL"
12067,12,"Lafayette","FL"
12069,12,"Lake","FL"
12071,12,"Lee","FL"
12073,12,"Leon","FL"
12075,12,"Levy","FL"
12077,12,"Liberty","FL"
12079,12,"Madison","FL"
12081,12,"Manatee","FL"
12083,12,"Marion","FL"
12085,12,"Martin","FL"
12086,12,"Miami-Dade","FL"
12087,12,"Monroe","FL"
12089,12,"Nassau","FL"
12091,12,"Okaloosa","FL"
12093,12,"Okeechobee","FL"
12095,12,"Orange","FL"
12097,12,"Osceola","FL"
12099,12,"Palm Beach","FL"
12101,12,"Pasco","FL"
12103,12,"Pinellas","FL"
12105,12,"Polk","FL"
12107,12,"Putnam","FL"
12109,12,"Saint Johns","FL"
12111,12,"Saint Lucie","FL"
12113,12,"Santa Rosa","FL"
12115,12,"Sarasota","FL"
12117,12,"Seminole","FL"
12119,12,"Sumter","FL"
12121,12,"Suwannee","FL"
12123,12,"Taylor","FL"
12125,12,"Union","FL"
12127,12,"Volusia","FL"
12129,12,"Wakulla","FL"
12131,12,"Walton","FL"
12133,12,"Washington","FL"
13001,13,"Appling","GA"
13003,13,"Atkinson","GA"
13005,13,"Bacon","GA"
13007,13,"Baker","GA"
13009,13,"Baldwin","GA"
13011,13,"Banks","GA"
13013,13,"Barrow","GA"
13015,13,"Bartow","GA"
13017,13,"Ben Hill","GA"
13019,13,"Berrien","GA"
13021,13,"Bibb","GA"
13023,13,"Bleckley","GA"
13025,13,"Brantley","GA"
13027,13,"Brooks","GA"
13029,13,"Bryan","GA"
13031,13,"Bulloch","GA"
13033,13,"Burke","GA"
13035,13,"Butts","GA"
13037,13,"Calhoun","GA"
13039,13,"Camden","GA"
13043,13,"Candler","GA"
13045,13,"Carroll","GA"
13047,13,"Catoosa","GA"
13049,13,"Charlton","GA"
13051,13,"Chatham","GA"
13053,13,"Chattahoochee","GA"
13055,13,"Chattooga","GA"
13057,13,"Cherokee","GA"
13059,13,"Clarke","GA"
13061,13,"Clay","GA"
13063,13,"Clayton","GA"
13065,13,"Clinch","GA"
13067,13,"Cobb","GA"
13069,13,"Coffee","GA"
13071,13,"Colquitt","GA"
13073,13,"Columbia","GA"
13075,13,"Cook","GA"
13077,13,"Coweta","GA"
13079,13,"Crawford","GA"
13081,13,"Crisp","GA"
13083,13,"Dade","GA"
13085,13,"Dawson","GA"
13087,13,"Decatur","GA"
13089,13,"DeKalb","GA"
13091,13,"Dodge","GA"
13093,13,"Dooly","GA"
13095,13,"Dougherty","GA"
13097,13,"Douglas","GA"
13099,13,"Early","GA"
13101,13,"Echols","GA"
13103,13,"Effingham","GA"
13105,13,"Elbert","GA"
13107,13,"Emanuel","GA"
13109,13,"Evans","GA"
13111,13,"Fannin","GA"
13113,13,"Fayette","GA"
13115,13,"Floyd","GA"
13117,13,"Forsyth","GA"
13119,13,"Franklin","GA"
13121,13,"Fulton","GA"
13123,13,"Gilmer","GA"
13125,13,"Glascock","GA"
13127,13,"Glynn","GA"
13129,13,"Gordon","GA"
13131,13,"Grady","GA"
13133,13,"Greene","GA"
13135,13,"Gwinnett","GA"
13137,13,"Habersham","GA"
13139,13,"Hall","GA"
13141,13,"Hancock","GA"
13143,13,"Haralson","GA"
13145,13,"Harris","GA"
13147,13,"Hart","GA"
13149,13,"Heard","GA"
13151,13,"Henry","GA"
13153,13,"Houston","GA"
13155,13,"Irwin","GA"
13157,13,"Jackson","GA"
13159,13,"Jasper","GA"
13161,13,"Jeff Davis","GA"
13163,13,"Jefferson","GA"
13165,13,"Jenkins","GA"
13167,13,"Johnson","GA"
13169,13,"Jones","GA"
13171,13,"Lamar","GA"
13173,13,"Lanier","GA"
13175,13,"Laurens","GA"
13177,13,"Lee","GA"
13179,13,"Liberty","GA"
13181,13,"Lincoln","GA"
13183,13,"Long","GA"
13185,13,"Lowndes","GA"
13187,13,"Lumpkin","GA"
13189,13,"McDuffie","GA"
13191,13,"McIntosh","GA"
13193,13,"Macon","GA"
13195,13,"Madison","GA"
13197,13,"Marion","GA"
13199,13,"Meriwether","GA"
13201,13,"Miller","GA"
13205,13,"Mitchell","GA"
13207,13,"Monroe","GA"
13209,13,"Montgomery","GA"
13211,13,"Morgan","GA"
13213,13,"Murray","GA"
13215,13,"Muscogee","GA"
13217,13,"Newton","GA"
13219,13,"Oconee","GA"
13221,13,"Oglethorpe","GA"
13223,13,"Paulding","GA"
13225,13,"Peach","GA"
13227,13,"Pickens","GA"
13229,13,"Pierce","GA"
13231,13,"Pike","GA"
13233,13,"Polk","GA"
13235,13,"Pulaski","GA"
13237,13,"Putnam","GA"
13239,13,"Quitman","GA"
13241,13,"Rabun","GA"
13243,13,"Randolph","GA"
13245,13,"Richmond","GA"
13247,13,"Rockdale","GA"
13249,13,"Schley","GA"
13251,13,"Screven","GA"
13253,13,"Seminole","GA"
13255,13,"Spalding","GA"
13257,13,"Stephens","GA"
13259,13,"Stewart","GA"
13261,13,"Sumter","GA"
13263,13,"Talbot","GA"
13265,13,"Taliaferro","GA"
13267,13,"Tattnall","GA"
13269,13,"Taylor","GA"
13271,13,"Telfair","GA"
13273,13,"Terrell","GA"
13275,13,"Thomas","GA"
13277,13,"Tift","GA"
13279,13,"Toombs","GA"
13281,13,"Towns","GA"
13283,13,"Treutlen","GA"
13285,13,"Troup","GA"
13287,13,"Turner","GA"
13289,13,"Twiggs","GA"
13291,13,"Union","GA"
13293,13,"Upson","GA"
13295,13,"Walker","GA"
13297,13,"Walton","GA"
13299,13,"Ware","GA"
13301,13,"Warren","GA"
13303,13,"Washington","GA"
13305,13,"Wayne","GA"
13307,13,"Webster","GA"
13309,13,"Wheeler","GA"
13311,13,"White","GA"
13313,13,"Whitfield","GA"
13315,13,"Wilcox","GA"
13317,13,"Wilkes","GA"
13319,13,"Wilkinson","GA"
13321,13,"Worth","GA"
15001,15,"Hawaii","HI"
15003,15,"Honolulu","HI"
15005,15,"Kalawao","HI"
15007,15,"Kauai","HI"
15009,15,"Maui","HI"
16001,16,"Ada","ID"
16003,16,"Adams","ID"
16005,16,"Bannock","ID"
16007,16,"Bear Lake","ID"
16009,16,"Benewah","ID"
16011,16,"Bingham","ID"
16013,16,"Blaine","ID"
16015,16,"Boise","ID"
16017,16,"Bonner","ID"
16019,16,"Bonneville","ID"
16021,16,"Boundary","ID"
16023,16,"Butte","ID"
16025,16,"Camas","ID"
16027,16,"Canyon","ID"
16029,16,"Caribou","ID"
16031,16,"Cassia","ID"
16033,16,"Clark","ID"
16035,16,"Clearwater","ID"
16037,16,"Custer","ID"
16039,16,"Elmore","ID"
16041,16,"Franklin","ID"
16043,16,"Fremont","ID"
16045,16,"Gem","ID"
16047,16,"Gooding","ID"
16049,16,"Idaho","ID"
16051,16,"Jefferson","ID"
16053,16,"Jerome","ID"
16055,16,"Kootenai","ID"
16057,16,"Latah","ID"
16059,16,"Lemhi","ID"
16061,16,"Lewis","ID"
16063,16,"Lincoln","ID"
16065,16,"Madison","ID"
16067,16,"Minidoka","ID"
16069,16,"Nez Perce","ID"
16071,16,"Oneida","ID"
16073,16,"Owyhee","ID"
16075,16,"Payette","ID"
16077,16,"Power","ID"
16079,16,"Shoshone","ID"
16081,16,"Teton","ID"
16083,16,"Twin Falls","ID"
16085,16,"Valley","ID"
16087,16,"Washington","ID"
17001,17,"Adams","IL"
17003,17,"Alexander","IL"
17005,17,"Bond","IL"
17007,17,"Boone","IL"
17009,17,"Brown","IL"
17011,17,"Bureau","IL"
17013,17,"Calhoun","IL"
17015,17,"Carroll","IL"
17017,17,"Cass","IL"
17019,17,"Champaign","IL"
17021,17,"Christian","IL"
17023,17,"Clark","IL"
17025,17,"Clay","IL"
17027,17,"Clinton","IL"
17029,17,"Coles","IL"
17031,17,"Cook","IL"
17033,17,"Crawford","IL"
17035,17,"Cumberland","IL"
17037,17,"DeKalb","IL"
17039,17,"Dewitt","IL"
17041,17,"Douglas","IL"
17043,17,"DuPage","IL"
17045,17,"Edgar","IL"
17047,17,"Edwards","IL"
17049,17,"Effingham","IL"
17051,17,"Fayette","IL"
17053,17,"Ford","IL"
17055,17,"Franklin","IL"
17057,17,"Fulton","IL"
17059,17,"Gallatin","IL"
17061,17,"Greene","IL"
17063,17,"Grundy","IL"
17065,17,"Hamilton","IL"
17067,17,"Hancock","IL"
17069,17,"Hardin","IL"
17071,17,"Henderson","IL"
17073,17,"Henry","IL"
17075,17,"Iroquois","IL"
17077,17,"Jackson","IL"
17079,17,"Jasper","IL"
17081,17,"Jefferson","IL"
17083,17,"Jersey","IL"
17085,17,"Jo Daviess","IL"
17087,17,"Johnson","IL"
17089,17,"Kane","IL"
17091,17,"Kankakee","IL"
17093,17,"Kendall","IL"
17095,17,"Knox","IL"
17097,17,"Lake","IL"
17099,17,"La Salle","IL"
17101,17,"Lawrence","IL"
17103,17,"Lee","IL"
17105,17,"Livingston","IL"
17107,17,"Logan","IL"
17109,17,"McDonough","IL"
17111,17,"McHenry","IL"
17113,17,"McLean","IL"
17115,17,"Macon","IL"
17117,17,"Macoupin","IL"
17119,17,"Madison","IL"
17121,17,"Marion","IL"
17123,17,"Marshall","IL"
17125,17,"Mason","IL"
17127,17,"Massac","IL"
17129,17,"Menard","IL"
17131,17,"Mercer","IL"
17133,17,"Monroe","IL"
17135,17,"Montgomery","IL"
17137,17,"Morgan","IL"
17139,17,"Moultrie","IL"
17141,17,"Ogle","IL"
17143,17,"Peoria","IL"
17145,17,"Perry","IL"
17147,17,"Piatt","IL"
17149,17,"Pike","IL"
17151,17,"Pope","IL"
17153,17,"Pulaski","IL"
17155,17,"Putnam","IL"
17157,17,"Randolph","IL"
17159,17,"Richland","IL"
17161,17,"Rock Island","IL"
17163,17,"Saint Clair","IL"
17165,17,"Saline","IL"
17167,17,"Sangamon","IL"
17169,17,"Schuyler","IL"
17171,17,"Scott","IL"
17173,17,"Shelby","IL"
17175,17,"Stark","IL"
17177,17,"Stephenson","IL"
17179,17,"Tazewell","IL"
17181,17,"Union","IL"
17183,17,"Vermilion","IL"
17185,17,"Wabash","IL"
17187,17,"Warren","IL"
17189,17,"Washington","IL"
17191,17,"Wayne","IL"
17193,17,"White","IL"
17195,17,"Whiteside","IL"
17197,17,"Will","IL"
17199,17,"Williamson","IL"
17201,17,"Winnebago","IL"
17203,17,"Woodford","IL"
18001,18,"Adams","IN"
18003,18,"Allen","IN"
18005,18,"Bartholomew","IN"
18007,18,"Benton","IN"
18009,18,"Blackford","IN"
18011,18,"Boone","IN"
18013,18,"Brown","IN"
18015,18,"Carroll","IN"
18017,18,"Cass","IN"
18019,18,"Clark","IN"
18021,18,"Clay","IN"
18023,18,"Clinton","IN"
18025,18,"Crawford","IN"
18027,18,"Daviess","IN"
18029,18,"Dearborn","IN"
18031,18,"Decatur","IN"
18033,18,"DeKalb","IN"
18035,18,"Delaware","IN"
18037,18,"Dubois","IN"
18039,18,"Elkhart","IN"
18041,18,"Fayette","IN"
18043,18,"Floyd","IN"
18045,18,"Fountain","IN"
18047,18,"Franklin","IN"
18049,18,"Fulton","IN"
18051,18,"Gibson","IN"
18053,18,"Grant","IN"
18055,18,"Greene","IN"
18057,18,"Hamilton","IN"
18059,18,"Hancock","IN"
18061,18,"Harrison","IN"
18063,18,"Hendricks","IN"
18065,18,"Henry","IN"
18067,18,"Howard","IN"
18069,18,"Huntington","IN"
18071,18,"Jackson","IN"
18073,18,"Jasper","IN"
18075,18,"Jay","IN"
18077,18,"Jefferson","IN"
18079,18,"Jennings","IN"
18081,18,"Johnson","IN"
18083,18,"Knox","IN"
18085,18,"Kosciusko","IN"
18087,18,"Lagrange","IN"
18089,18,"Lake","IN"
18091,18,"La Porte","IN"
18093,18,"Lawrence","IN"
18095,18,"Madison","IN"
18097,18,"Marion","IN"
18099,18,"Marshall","IN"
18101,18,"Martin","IN"
18103,18,"Miami","IN"
18105,18,"Monroe","IN"
18107,18,"Montgomery","IN"
18109,18,"Morgan","IN"
18111,18,"Newton","IN"
18113,18,"Noble","IN"
18115,18,"Ohio","IN"
18117,18,"Orange","IN"
18119,18,"Owen","IN"
18121,18,"Parke","IN"
18123,18,"Perry","IN"
18125,18,"Pike","IN"
18127,18,"Porter","IN"
18129,18,"Posey","IN"
18131,18,"Pulaski","IN"
18133,18,"Putnam","IN"
18135,18,"Randolph","IN"
18137,18,"Ripley","IN"
18139,18,"Rush","IN"
18141,18,"St Joseph","IN"
18143,18,"Scott","IN"
18145,18,"Shelby","IN"
18147,18,"Spencer","IN"
18149,18,"Starke","IN"
18151,18,"Steuben","IN"
18153,18,"Sullivan","IN"
18155,18,"Switzerland","IN"
18157,18,"Tippecanoe","IN"
18159,18,"Tipton","IN"
18161,18,"Union","IN"
18163,18,"Vanderburgh","IN"
18165,18,"Vermillion","IN"
18167,18,"Vigo","IN"
18169,18,"Wabash","IN"
18171,18,"Warren","IN"
18173,18,"Warrick","IN"
18175,18,"Washington","IN"
18177,18,"Wayne","IN"
18179,18,"Wells","IN"
18181,18,"White","IN"
18183,18,"Whitley","IN"
19001,19,"Adair","IA"
19003,19,"Adams","IA"
19005,19,"Allamakee","IA"
19007,19,"Appanoose","IA"
19009,19,"Audubon","IA"
19011,19,"Benton","IA"
19013,19,"Black Hawk","IA"
19015,19,"Boone","IA"
19017,19,"Bremer","IA"
19019,19,"Buchanan","IA"
19021,19,"Buena Vista","IA"
19023,19,"Butler","IA"
19025,19,"Calhoun","IA"
19027,19,"Carroll","IA"
19029,19,"Cass","IA"
19031,19,"Cedar","IA"
19033,19,"Cerro Gordo","IA"
19035,19,"Cherokee","IA"
19037,19,"Chickasaw","IA"
19039,19,"Clarke","IA"
19041,19,"Clay","IA"
19043,19,"Clayton","IA"
19045,19,"Clinton","IA"
19047,19,"Crawford","IA"
19049,19,"Dallas","IA"
19051,19,"Davis","IA"
19053,19,"Decatur","IA"
19055,19,"Delaware","IA"
19057,19,"Des Moines","IA"
19059,19,"Dickinson","IA"
19061,19,"Dubuque","IA"
19063,19,"Emmet","IA"
19065,19,"Fayette","IA"
19067,19,"Floyd","IA"
19069,19,"Franklin","IA"
19071,19,"Fremont","IA"
19073,19,"Greene","IA"
19075,19,"Grundy","IA"
19077,19,"Guthrie","IA"
19079,19,"Hamilton","IA"
19081,19,"Hancock","IA"
19083,19,"Hardin","IA"
19085,19,"Harrison","IA"
19087,19,"Henry","IA"
19089,19,"Howard","IA"
19091,19,"Humboldt","IA"
19093,19,"Ida","IA"
19095,19,"Iowa","IA"
19097,19,"Jackson","IA"
19099,19,"Jasper","IA"
19101,19,"Jefferson","IA"
19103,19,"Johnson","IA"
19105,19,"Jones","IA"
19107,19,"Keokuk","IA"
19109,19,"Kossuth","IA"
19111,19,"Lee","IA"
19113,19,"Linn","IA"
19115,19,"Louisa","IA"
19117,19,"Lucas","IA"
19119,19,"Lyon","IA"
19121,19,"Madison","IA"
19123,19,"Mahaska","IA"
19125,19,"Marion","IA"
19127,19,"Marshall","IA"
19129,19,"Mills","IA"
19131,19,"Mitchell","IA"
19133,19,"Monona","IA"
19135,19,"Monroe","IA"
19137,19,"Montgomery","IA"
19139,19,"Muscatine","IA"
19141,19,"Obrien","IA"
19143,19,"Osceola","IA"
19145,19,"Page","IA"
19147,19,"Palo Alto","IA"
19149,19,"Plymouth","IA"
19151,19,"Pocahontas","IA"
19153,19,"Polk","IA"
19155,19,"Pottawattamie","IA"
19157,19,"Poweshiek","IA"
19159,19,"Ringgold","IA"
19161,19,"Sac","IA"
19163,19,"Scott","IA"
19165,19,"Shelby","IA"
19167,19,"Sioux","IA"
19169,19,"Story","IA"
19171,19,"Tama","IA"
19173,19,"Taylor","IA"
19175,19,"Union","IA"
19177,19,"Van Buren","IA"
19179,19,"Wapello","IA"
19181,19,"Warren","IA"
19183,19,"Washington","IA"
19185,19,"Wayne","IA"
19187,19,"Webster","IA"
19189,19,"Winnebago","IA"
19191,19,"Winneshiek","IA"
19193,19,"Woodbury","IA"
19195,19,"Worth","IA"
19197,19,"Wright","IA"
20001,20,"Allen","KS"
20003,20,"Anderson","KS"
20005,20,"Atchison","KS"
20007,20,"Barber","KS"
20009,20,"Barton","KS"
20011,20,"Bourbon","KS"
20013,20,"Brown","KS"
20015,20,"Butler","KS"
20017,20,"Chase","KS"
20019,20,"Chautauqua","KS"
20021,20,"Cherokee","KS"
20023,20,"Cheyenne","KS"
20025,20,"Clark","KS"
20027,20,"Clay","KS"
20029,20,"Cloud","KS"
20031,20,"Coffey","KS"
20033,20,"Comanche","KS"
20035,20,"Cowley","KS"
20037,20,"Crawford","KS"
20039,20,"Decatur","KS"
20041,20,"Dickinson","KS"
20043,20,"Doniphan","KS"
20045,20,"Douglas","KS"
20047,20,"Edwards","KS"
20049,20,"Elk","KS"
20051,20,"Ellis","KS"
20053,20,"Ellsworth","KS"
20055,20,"Finney","KS"
20057,20,"Ford","KS"
20059,20,"Franklin","KS"
20061,20,"Geary","KS"
20063,20,"Gove","KS"
20065,20,"Graham","KS"
20067,20,"Grant","KS"
20069,20,"Gray","KS"
20071,20,"Greeley","KS"
20073,20,"Greenwood","KS"
20075,20,"Hamilton","KS"
20077,20,"Harper","KS"
20079,20,"Harvey","KS"
20081,20,"Haskell","KS"
20083,20,"Hodgeman","KS"
20085,20,"Jackson","KS"
20087,20,"Jefferson","KS"
20089,20,"Jewell","KS"
20091,20,"Johnson","KS"
20093,20,"Kearny","KS"
20095,20,"Kingman","KS"
20097,20,"Kiowa","KS"
20099,20,"Labette","KS"
20101,20,"Lane","KS"
20103,20,"Leavenworth","KS"
20105,20,"Lincoln","KS"
20107,20,"Linn","KS"
20109,20,"Logan","KS"
20111,20,"Lyon","KS"
20113,20,"McPherson","KS"
20115,20,"Marion","KS"
20117,20,"Marshall","KS"
20119,20,"Meade","KS"
20121,20,"Miami","KS"
20123,20,"Mitchell","KS"
20125,20,"Montgomery","KS"
20127,20,"Morris","KS"
20129,20,"Morton","KS"
20131,20,"Nemaha","KS"
20133,20,"Neosho","KS"
20135,20,"Ness","KS"
20137,20,"Norton","KS"
20139,20,"Osage","KS"
20141,20,"Osborne","KS"
20143,20,"Ottawa","KS"
20145,20,"Pawnee","KS"
20147,20,"Phillips","KS"
20149,20,"Pottawatomie","KS"
20151,20,"Pratt","KS"
20153,20,"Rawlins","KS"
20155,20,"Reno","KS"
20157,20,"Republic","KS"
20159,20,"Rice","KS"
20161,20,"Riley","KS"
20163,20,"Rooks","KS"
20165,20,"Rush","KS"
20167,20,"Russell","KS"
20169,20,"Saline","KS"
20171,20,"Scott","KS"
20173,20,"Sedgwick","KS"
20175,20,"Seward","KS"
20177,20,"Shawnee","KS"
20179,20,"Sheridan","KS"
20181,20,"Sherman","KS"
20183,20,"Smith","KS"
20185,20,"Stafford","KS"
20187,20,"Stanton","KS"
20189,20,"Stevens","KS"
20191,20,"Sumner","KS"
20193,20,"Thomas","KS"
20195,20,"Trego","KS"
20197,20,"Wabaunsee","KS"
20199,20,"Wallace","KS"
20201,20,"Washington","KS"
20203,20,"Wichita","KS"
20205,20,"Wilson","KS"
20207,20,"Woodson","KS"
20209,20,"Wyandotte","KS"
21001,21,"Adair","KY"
21003,21,"Allen","KY"
21005,21,"Anderson","KY"
21007,21,"Ballard","KY"
21009,21,"Barren","KY"
21011,21,"Bath","KY"
21013,21,"Bell","KY"
21015,21,"Boone","KY"
21017,21,"Bourbon","KY"
21019,21,"Boyd","KY"
21021,21,"Boyle","KY"
21023,21,"Bracken","KY"
21025,21,"Breathitt","KY"
21027,21,"Breckinridge","KY"
21029,21,"Bullitt","KY"
21031,21,"Butler","KY"
21033,21,"Caldwell","KY"
21035,21,"Calloway","KY"
21037,21,"Campbell","KY"
21039,21,"Carlisle","KY"
21041,21,"Carroll","KY"
21043,21,"Carter","KY"
21045,21,"Casey","KY"
21047,21,"Christian","KY"
21049,21,"Clark","KY"
21051,21,"Clay","KY"
21053,21,"Clinton","KY"
21055,21,"Crittenden","KY"
21057,21,"Cumberland","KY"
21059,21,"Daviess","KY"
21061,21,"Edmonson","KY"
21063,21,"Elliott","KY"
21065,21,"Estill","KY"
21067,21,"Fayette","KY"
21069,21,"Fleming","KY"
21071,21,"Floyd","KY"
21073,21,"Franklin","KY"
21075,21,"Fulton","KY"
21077,21,"Gallatin","KY"
21079,21,"Garrard","KY"
21081,21,"Grant","KY"
21083,21,"Graves","KY"
21085,21,"Grayson","KY"
21087,21,"Green","KY"
21089,21,"Greenup","KY"
21091,21,"Hancock","KY"
21093,21,"Hardin","KY"
21095,21,"Harlan","KY"
21097,21,"Harrison","KY"
21099,21,"Hart","KY"
21101,21,"Henderson","KY"
21103,21,"Henry","KY"
21105,21,"Hickman","KY"
21107,21,"Hopkins","KY"
21109,21,"Jackson","KY"
21111,21,"Jefferson","KY"
21113,21,"Jessamine","KY"
21115,21,"Johnson","KY"
21117,21,"Kenton","KY"
21119,21,"Knott","KY"
21121,21,"Knox","KY"
21123,21,"Larue","KY"
21125,21,"Laurel","KY"
21127,21,"Lawrence","KY"
21129,21,"Lee","KY"
21131,21,"Leslie","KY"
21133,21,"Letcher","KY"
21135,21,"Lewis","KY"
21137,21,"Lincoln","KY"
21139,21,"Livingston","KY"
21141,21,"Logan","KY"
21143,21,"Lyon","KY"
21145,21,"McCracken","KY"
21147,21,"McCreary","KY"
21149,21,"McLean","KY"
21151,21,"Madison","KY"
21153,21,"Magoffin","KY"
21155,21,"Marion","KY"
21157,21,"Marshall","KY"
21159,21,"Martin","KY"
21161,21,"Mason","KY"
21163,21,"Meade","KY"
21165,21,"Menifee","KY"
21167,21,"Mercer","KY"
21169,21,"Metcalfe","KY"
21171,21,"Monroe","KY"
21173,21,"Montgomery","KY"
21175,21,"Morgan","KY"
21177,21,"Muhlenberg","KY"
21179,21,"Nelson","KY"
21181,21,"Nicholas","KY"
21183,21,"Ohio","KY"
21185,21,"Oldham","KY"
21187,21,"Owen","KY"
21189,21,"Owsley","KY"
21191,21,"Pendleton","KY"
21193,21,"Perry","KY"
21195,21,"Pike","KY"
21197,21,"Powell","KY"
21199,21,"Pulaski","KY"
21201,21,"Robertson","KY"
21203,21,"Rockcastle","KY"
21205,21,"Rowan","KY"
21207,21,"Russell","KY"
21209,21,"Scott","KY"
21211,21,"Shelby","KY"
21213,21,"Simpson","KY"
21215,21,"Spencer","KY"
21217,21,"Taylor","KY"
21219,21,"Todd","KY"
21221,21,"Trigg","KY"
21223,21,"Trimble","KY"
21225,21,"Union","KY"
21227,21,"Warren","KY"
21229,21,"Washington","KY"
21231,21,"Wayne","KY"
21233,21,"Webster","KY"
21235,21,"Whitley","KY"
21237,21,"Wolfe","KY"
21239,21,"Woodford","KY"
22001,22,"Acadia","LA"
22003,22,"Allen","LA"
22005,22,"Ascension","LA"
22007,22,"Assumption","LA"
22009,22,"Avoyelles","LA"
22011,22,"Beauregard","LA"
22013,22,"Bienville","LA"
22015,22,"Bossier","LA"
22017,22,"Caddo","LA"
22019,22,"Calcasieu","LA"
22021,22,"Caldwell","LA"
22023,22,"Cameron","LA"
22025,22,"Catahoula","LA"
22027,22,"Claiborne","LA"
22029,22,"Concordia","LA"
22031,22,"De Soto","LA"
22033,22,"East Baton Rouge","LA"
22035,22,"East Carroll","LA"
22037,22,"East Feliciana","LA"
22039,22,"Evangeline","LA"
22041,22,"Franklin","LA"
22043,22,"Grant","LA"
22045,22,"Iberia","LA"
22047,22,"Iberville","LA"
22049,22,"Jackson","LA"
22051,22,"Jefferson","LA"
22053,22,"Jefferson Davis","LA"
22055,22,"Lafayette","LA"
22057,22,"Lafourche","LA"
22059,22,"La Salle","LA"
22061,22,"Lincoln","LA"
22063,22,"Livingston","LA"
22065,22,"Madison","LA"
22067,22,"Morehouse","LA"
22069,22,"Natchitoches","LA"
22071,22,"Orleans","LA"
22073,22,"Ouachita","LA"
22075,22,"Plaquemines","LA"
22077,22,"Pointe Coupee","LA"
22079,22,"Rapides","LA"
22081,22,"Red River","LA"
22083,22,"Richland","LA"
22085,22,"Sabine","LA"
22087,22,"Saint Bernard","LA"
22089,22,"Saint Charles","LA"
22091,22,"Saint Helena","LA"
22093,22,"Saint James","LA"
22095,22,"St John the Baptist","LA"
22097,22,"Saint Landry","LA"
22099,22,"Saint Martin","LA"
22101,22,"Saint Mary","LA"
22103,22,"Saint Tammany","LA"
22105,22,"Tangipahoa","LA"
22107,22,"Tensas","LA"
22109,22,"Terrebonne","LA"
22111,22,"Union","LA"
22113,22,"Vermilion","LA"
22115,22,"Vernon","LA"
22117,22,"Washington","LA"
22119,22,"Webster","LA"
22121,22,"West Baton Rouge","LA"
22123,22,"West Carroll","LA"
22125,22,"West Feliciana","LA"
22127,22,"Winn","LA"
23001,23,"Androscoggin","ME"
23003,23,"Aroostook","ME"
23005,23,"Cumberland","ME"
23007,23,"Franklin","ME"
23009,23,"Hancock","ME"
23011,23,"Kennebec","ME"
23013,23,"Knox","ME"
23015,23,"Lincoln","ME"
23017,23,"Oxford","ME"
23019,23,"Penobscot","ME"
23021,23,"Piscataquis","ME"
23023,23,"Sagadahoc","ME"
23025,23,"Somerset","ME"
23027,23,"Waldo","ME"
23029,23,"Washington","ME"
23031,23,"York","ME"
24001,24,"Allegany","MD"
24003,24,"Anne Arundel","MD"
24005,24,"Baltimore","MD"
24009,24,"Calvert","MD"
24011,24,"Caroline","MD"
24013,24,"Carroll","MD"
24015,24,"Cecil","MD"
24017,24,"Charles","MD"
24019,24,"Dorchester","MD"
24021,24,"Frederick","MD"
24023,24,"Garrett","MD"
24025,24,"Harford","MD"
24027,24,"Howard","MD"
24029,24,"Kent","MD"
24031,24,"Montgomery","MD"
24033,24,"Prince Georges","MD"
24035,24,"Queen Annes","MD"
24037,24,"Saint Marys","MD"
24039,24,"Somerset","MD"
24041,24,"Talbot","MD"
24043,24,"Washington","MD"
24045,24,"Wicomico","MD"
24047,24,"Worcester","MD"
24510,24,"Baltimore City","MD"
25001,25,"Barnstable","MA"
25003,25,"Berkshire","MA"
25005,25,"Bristol","MA"
25007,25,"Dukes","MA"
25009,25,"Essex","MA"
25011,25,"Franklin","MA"
25013,25,"Hampden","MA"
25015,25,"Hampshire","MA"
25017,25,"Middlesex","MA"
25019,25,"Nantucket","MA"
25021,25,"Norfolk","MA"
25023,25,"Plymouth","MA"
25025,25,"Suffolk","MA"
25027,25,"Worcester","MA"
26001,26,"Alcona","MI"
26003,26,"Alger","MI"
26005,26,"Allegan","MI"
26007,26,"Alpena","MI"
26009,26,"Antrim","MI"
26011,26,"Arenac","MI"
26013,26,"Baraga","MI"
26015,26,"Barry","MI"
26017,26,"Bay","MI"
26019,26,"Benzie","MI"
26021,26,"Berrien","MI"
26023,26,"Branch","MI"
26025,26,"Calhoun","MI"
26027,26,"Cass","MI"
26029,26,"Charlevoix","MI"
26031,26,"Cheboygan","MI"
26033,26,"Chippewa","MI"
26035,26,"Clare","MI"
26037,26,"Clinton","MI"
26039,26,"Crawford","MI"
26041,26,"Delta","MI"
26043,26,"Dickinson","MI"
26045,26,"Eaton","MI"
26047,26,"Emmet","MI"
26049,26,"Genesee","MI"
26051,26,"Gladwin","MI"
26053,26,"Gogebic","MI"
26055,26,"Grand Traverse","MI"
26057,26,"Gratiot","MI"
26059,26,"Hillsdale","MI"
26061,26,"Houghton","MI"
26063,26,"Huron","MI"
26065,26,"Ingham","MI"
26067,26,"Ionia","MI"
26069,26,"Iosco","MI"
26071,26,"Iron","MI"
26073,26,"Isabella","MI"
26075,26,"Jackson","MI"
26077,26,"Kalamazoo","MI"
26079,26,"Kalkaska","MI"
26081,26,"Kent","MI"
26083,26,"Keweenaw","MI"
26085,26,"Lake","MI"
26087,26,"Lapeer","MI"
26089,26,"Leelanau","MI"
26091,26,"Lenawee","MI"
26093,26,"Livingston","MI"
26095,26,"Luce","MI"
26097,26,"Mackinac","MI"
26099,26,"Macomb","MI"
26101,26,"Manistee","MI"
26103,26,"Marquette","MI"
26105,26,"Mason","MI"
26107,26,"Mecosta","MI"
26109,26,"Menominee","MI"
26111,26,"Midland","MI"
26113,26,"Missaukee","MI"
26115,26,"Monroe","MI"
26117,26,"Montcalm","MI"
26119,26,"Montmorency","MI"
26121,26,"Muskegon","MI"
26123,26,"Newaygo","MI"
26125,26,"Oakland","MI"
26127,26,"Oceana","MI"
26129,26,"Ogemaw","MI"
26131,26,"Ontonagon","MI"
26133,26,"Osceola","MI"
26135,26,"Oscoda","MI"
26137,26,"Otsego","MI"
26139,26,"Ottawa","MI"
26141,26,"Presque Isle","MI"
26143,26,"Roscommon","MI"
26145,26,"Saginaw","MI"
26147,26,"Saint Clair","MI"
26149,26,"Saint Joseph","MI"
26151,26,"Sanilac","MI"
26153,26,"Schoolcraft","MI"
26155,26,"Shiawassee","MI"
26157,26,"Tuscola","MI"
26159,26,"Van Buren","MI"
26161,26,"Washtenaw","MI"
26163,26,"Wayne","MI"
26165,26,"Wexford","MI"
27001,27,"Aitkin","MN"
27003,27,"Anoka","MN"
27005,27,"Becker","MN"
27007,27,"Beltrami","MN"
27009,27,"Benton","MN"
27011,27,"Big Stone","MN"
27013,27,"Blue Earth","MN"
27015,27,"Brown","MN"
27017,27,"Carlton","MN"
27019,27,"Carver","MN"
27021,27,"Cass","MN"
27023,27,"Chippewa","MN"
27025,27,"Chisago","MN"
27027,27,"Clay","MN"
27029,27,"Clearwater","MN"
27031,27,"Cook","MN"
27033,27,"Cottonwood","MN"
27035,27,"Crow Wing","MN"
27037,27,"Dakota","MN"
27039,27,"Dodge","MN"
27041,27,"Douglas","MN"
27043,27,"Faribault","MN"
27045,27,"Fillmore","MN"
27047,27,"Freeborn","MN"
27049,27,"Goodhue","MN"
27051,27,"Grant","MN"
27053,27,"Hennepin","MN"
27055,27,"Houston","MN"
27057,27,"Hubbard","MN"
27059,27,"Isanti","MN"
27061,27,"Itasca","MN"
27063,27,"Jackson","MN"
27065,27,"Kanabec","MN"
27067,27,"Kandiyohi","MN"
27069,27,"Kittson","MN"
27071,27,"Koochiching","MN"
27073,27,"Lac Qui Parle","MN"
27075,27,"Lake","MN"
27077,27,"Lake of the Woods","MN"
27079,27,"Le Sueur","MN"
27081,27,"Lincoln","MN"
27083,27,"Lyon","MN"
27085,27,"McLeod","MN"
27087,27,"Mahnomen","MN"
27089,27,"Marshall","MN"
27091,27,"Martin","MN"
27093,27,"Meeker","MN"
27095,27,"Mille Lacs","MN"
27097,27,"Morrison","MN"
27099,27,"Mower","MN"
27101,27,"Murray","MN"
27103,27,"Nicollet","MN"
27105,27,"Nobles","MN"
27107,27,"Norman","MN"
27109,27,"Olmsted","MN"
27111,27,"Otter Tail","MN"
27113,27,"Pennington","MN"
27115,27,"Pine","MN"
27117,27,"Pipestone","MN"
27119,27,"Polk","MN"
27121,27,"Pope","MN"
27123,27,"Ramsey","MN"
27125,27,"Red Lake","MN"
27127,27,"Redwood","MN"
27129,27,"Renville","MN"
27131,27,"Rice","MN"
27133,27,"Rock","MN"
27135,27,"Roseau","MN"
27137,27,"Saint Louis","MN"
27139,27,"Scott","MN"
27141,27,"Sherburne","MN"
27143,27,"Sibley","MN"
27145,27,"Stearns","MN"
27147,27,"Steele","MN"
27149,27,"Stevens","MN"
27151,27,"Swift","MN"
27153,27,"Todd","MN"
27155,27,"Traverse","MN"
27157,27,"Wabasha","MN"
27159,27,"Wadena","MN"
27161,27,"Waseca","MN"
27163,27,"Washington","MN"
27165,27,"Watonwan","MN"
27167,27,"Wilkin","MN"
27169,27,"Winona","MN"
27171,27,"Wright","MN"
27173,27,"Yellow Medicine","MN"
28001,28,"Adams","MS"
28003,28,"Alcorn","MS"
28005,28,"Amite","MS"
28007,28,"Attala","MS"
28009,28,"Benton","MS"
28011,28,"Bolivar","MS"
28013,28,"Calhoun","MS"
28015,28,"Carroll","MS"
28017,28,"Chickasaw","MS"
28019,28,"Choctaw","MS"
28021,28,"Claiborne","MS"
28023,28,"Clarke","MS"
28025,28,"Clay","MS"
28027,28,"Coahoma","MS"
28029,28,"Copiah","MS"
28031,28,"Covington","MS"
28033,28,"DeSoto","MS"
28035,28,"Forrest","MS"
28037,28,"Franklin","MS"
28039,28,"George","MS"
28041,28,"Greene","MS"
28043,28,"Grenada","MS"
28045,28,"Hancock","MS"
28047,28,"Harrison","MS"
28049,28,"Hinds","MS"
28051,28,"Holmes","MS"
28053,28,"Humphreys","MS"
28055,28,"Issaquena","MS"
28057,28,"Itawamba","MS"
28059,28,"Jackson","MS"
28061,28,"Jasper","MS"
28063,28,"Jefferson","MS"
28065,28,"Jefferson Davis","MS"
28067,28,"Jones","MS"
28069,28,"Kemper","MS"
28071,28,"Lafayette","MS"
28073,28,"Lamar","MS"
28075,28,"Lauderdale","MS"
28077,28,"Lawrence","MS"
28079,28,"Leake","MS"
28081,28,"Lee","MS"
28083,28,"Leflore","MS"
28085,28,"Lincoln","MS"
28087,28,"Lowndes","MS"
28089,28,"Madison","MS"
28091,28,"Marion","MS"
28093,28,"Marshall","MS"
28095,28,"Monroe","MS"
28097,28,"Montgomery","MS"
28099,28,"Neshoba","MS"
28101,28,"Newton","MS"
28103,28,"Noxubee","MS"
28105,28,"Oktibbeha","MS"
28107,28,"Panola","MS"
28109,28,"Pearl River","MS"
28111,28,"Perry","MS"
28113,28,"Pike","MS"
28115,28,"Pontotoc","MS"
28117,28,"Prentiss","MS"
28119,28,"Quitman","MS"
28121,28,"Rankin","MS"
28123,28,"Scott","MS"
28125,28,"Sharkey","MS"
28127,28,"Simpson","MS"
28129,28,"Smith","MS"
28131,28,"Stone","MS"
28133,28,"Sunflower","MS"
28135,28,"Tallahatchie","MS"
28137,28,"Tate","MS"
28139,28,"Tippah","MS"
28141,28,"Tishomingo","MS"
28143,28,"Tunica","MS"
28145,28,"Union","MS"
28147,28,"Walthall","MS"
28149,28,"Warren","MS"
28151,28,"Washington","MS"
28153,28,"Wayne","MS"
28155,28,"Webster","MS"
28157,28,"Wilkinson","MS"
28159,28,"Winston","MS"
28161,28,"Yalobusha","MS"
28163,28,"Yazoo","MS"
29001,29,"Adair","MO"
29003,29,"Andrew","MO"
29005,29,"Atchison","MO"
29007,29,"Audrain","MO"
29009,29,"Barry","MO"
29011,29,"Barton","MO"
29013,29,"Bates","MO"
29015,29,"Benton","MO"
29017,29,"Bollinger","MO"
29019,29,"Boone","MO"
29021,29,"Buchanan","MO"
29023,29,"Butler","MO"
29025,29,"Caldwell","MO"
29027,29,"Callaway","MO"
29029,29,"Camden","MO"
29031,29,"Cape Girardeau","MO"
29033,29,"Carroll","MO"
29035,29,"Carter","MO"
29037,29,"Cass","MO"
29039,29,"Cedar","MO"
29041,29,"Chariton","MO"
29043,29,"Christian","MO"
29045,29,"Clark","MO"
29047,29,"Clay","MO"
29049,29,"Clinton","MO"
29051,29,"Cole","MO"
29053,29,"Cooper","MO"
29055,29,"Crawford","MO"
29057,29,"Dade","MO"
29059,29,"Dallas","MO"
29061,29,"Daviess","MO"
29063,29,"DeKalb","MO"
29065,29,"Dent","MO"
29067,29,"Douglas","MO"
29069,29,"Dunklin","MO"
29071,29,"Franklin","MO"
29073,29,"Gasconade","MO"
29075,29,"Gentry","MO"
29077,29,"Greene","MO"
29079,29,"Grundy","MO"
29081,29,"Harrison","MO"
29083,29,"Henry","MO"
29085,29,"Hickory","MO"
29087,29,"Holt","MO"
29089,29,"Howard","MO"
29091,29,"Howell","MO"
29093,29,"Iron","MO"
29095,29,"Jackson","MO"
29097,29,"Jasper","MO"
29099,29,"Jefferson","MO"
29101,29,"Johnson","MO"
29103,29,"Knox","MO"
29105,29,"Laclede","MO"
29107,29,"Lafayette","MO"
29109,29,"Lawrence","MO"
29111,29,"Lewis","MO"
29113,29,"Lincoln","MO"
29115,29,"Linn","MO"
29117,29,"Livingston","MO"
29119,29,"McDonald","MO"
29121,29,"Macon","MO"
29123,29,"Madison","MO"
29125,29,"Maries","MO"
29127,29,"Marion","MO"
29129,29,"Mercer","MO"
29131,29,"Miller","MO"
29133,29,"Mississippi","MO"
29135,29,"Moniteau","MO"
29137,29,"Monroe","MO"
29139,29,"Montgomery","MO"
29141,29,"Morgan","MO"
29143,29,"New Madrid","MO"
29145,29,"Newton","MO"
29147,29,"Nodaway","MO"
29149,29,"Oregon","MO"
29151,29,"Osage","MO"
29153,29,"Ozark","MO"
29155,29,"Pemiscot","MO"
29157,29,"Perry","MO"
29159,29,"Pettis","MO"
29161,29,"Phelps","MO"
29163,29,"Pike","MO"
29165,29,"Platte","MO"
29167,29,"Polk","MO"
29169,29,"Pulaski","MO"
29171,29,"Putnam","MO"
29173,29,"Ralls","MO"
29175,29,"Randolph","MO"
29177,29,"Ray","MO"
29179,29,"Reynolds","MO"
29181,29,"Ripley","MO"
29183,29,"Saint Charles","MO"
29185,29,"Saint Clair","MO"
29186,29,"Sainte Genevieve","MO"
29187,29,"Saint Francois","MO"
29189,29,"Saint Louis","MO"
29195,29,"Saline","MO"
29197,29,"Schuyler","MO"
29199,29,"Scotland","MO"
29201,29,"Scott","MO"
29203,29,"Shannon","MO"
29205,29,"Shelby","MO"
29207,29,"Stoddard","MO"
29209,29,"Stone","MO"
29211,29,"Sullivan","MO"
29213,29,"Taney","MO"
29215,29,"Texas","MO"
29217,29,"Vernon","MO"
29219,29,"Warren","MO"
29221,29,"Washington","MO"
29223,29,"Wayne","MO"
29225,29,"Webster","MO"
29227,29,"Worth","MO"
29229,29,"Wright","MO"
29510,29,"Saint Louis City","MO"
30001,30,"Beaverhead","MT"
30003,30,"Big Horn","MT"
30005,30,"Blaine","MT"
30007,30,"Broadwater","MT"
30009,30,"Carbon","MT"
30011,30,"Carter","MT"
30013,30,"Cascade","MT"
30015,30,"Chouteau","MT"
30017,30,"Custer","MT"
30019,30,"Daniels","MT"
30021,30,"Dawson","MT"
30023,30,"Deer Lodge","MT"
30025,30,"Fallon","MT"
30027,30,"Fergus","MT"
30029,30,"Flathead","MT"
30031,30,"Gallatin","MT"
30033,30,"Garfield","MT"
30035,30,"Glacier","MT"
30037,30,"Golden Valley","MT"
30039,30,"Granite","MT"
30041,30,"Hill","MT"
30043,30,"Jefferson","MT"
30045,30,"Judith Basin","MT"
30047,30,"Lake","MT"
30049,30,"Lewis and Clark","MT"
30051,30,"Liberty","MT"
30053,30,"Lincoln","MT"
30055,30,"McCone","MT"
30057,30,"Madison","MT"
30059,30,"Meagher","MT"
30061,30,"Mineral","MT"
30063,30,"Missoula","MT"
30065,30,"Musselshell","MT"
30067,30,"Park","MT"
30069,30,"Petroleum","MT"
30071,30,"Phillips","MT"
30073,30,"Pondera","MT"
30075,30,"Powder River","MT"
30077,30,"Powell","MT"
30079,30,"Prairie","MT"
30081,30,"Ravalli","MT"
30083,30,"Richland","MT"
30085,30,"Roosevelt","MT"
30087,30,"Rosebud","MT"
30089,30,"Sanders","MT"
30091,30,"Sheridan","MT"
30093,30,"Silver Bow","MT"
30095,30,"Stillwater","MT"
30097,30,"Sweet Grass","MT"
30099,30,"Teton","MT"
30101,30,"Toole","MT"
30103,30,"Treasure","MT"
30105,30,"Valley","MT"
30107,30,"Wheatland","MT"
30109,30,"Wibaux","MT"
30111,30,"Yellowstone","MT"
31001,31,"Adams","NE"
31003,31,"Antelope","NE"
31005,31,"Arthur","NE"
31007,31,"Banner","NE"
31009,31,"Blaine","NE"
31011,31,"Boone","NE"
31013,31,"Box Butte","NE"
31015,31,"Boyd","NE"
31017,31,"Brown","NE"
31019,31,"Buffalo","NE"
31021,31,"Burt","NE"
31023,31,"Butler","NE"
31025,31,"Cass","NE"
31027,31,"Cedar","NE"
31029,31,"Chase","NE"
31031,31,"Cherry","NE"
31033,31,"Cheyenne","NE"
31035,31,"Clay","NE"
31037,31,"Colfax","NE"
31039,31,"Cuming","NE"
31041,31,"Custer","NE"
31043,31,"Dakota","NE"
31045,31,"Dawes","NE"
31047,31,"Dawson","NE"
31049,31,"Deuel","NE"
31051,31,"Dixon","NE"
31053,31,"Dodge","NE"
31055,31,"Douglas","NE"
31057,31,"Dundy","NE"
31059,31,"Fillmore","NE"
31061,31,"Franklin","NE"
31063,31,"Frontier","NE"
31065,31,"Furnas","NE"
31067,31,"Gage","NE"
31069,31,"Garden","NE"
31071,31,"Garfield","NE"
31073,31,"Gosper","NE"
31075,31,"Grant","NE"
31077,31,"Greeley","NE"
31079,31,"Hall","NE"
31081,31,"Hamilton","NE"
31083,31,"Harlan","NE"
31085,31,"Hayes","NE"
31087,31,"Hitchcock","NE"
31089,31,"Holt","NE"
31091,31,"Hooker","NE"
31093,31,"Howard","NE"
31095,31,"Jefferson","NE"
31097,31,"Johnson","NE"
31099,31,"Kearney","NE"
31101,31,"Keith","NE"
31103,31,"Keya Paha","NE"
31105,31,"Kimball","NE"
31107,31,"Knox","NE"
31109,31,"Lancaster","NE"
31111,31,"Lincoln","NE"
31113,31,"Logan","NE"
31115,31,"Loup","NE"
31117,31,"McPherson","NE"
31119,31,"Madison","NE"
31121,31,"Merrick","NE"
31123,31,"Morrill","NE"
31125,31,"Nance","NE"
31127,31,"Nemaha","NE"
31129,31,"Nuckolls","NE"
31131,31,"Otoe","NE"
31133,31,"Pawnee","NE"
31135,31,"Perkins","NE"
31137,31,"Phelps","NE"
31139,31,"Pierce","NE"
31141,31,"Platte","NE"
31143,31,"Polk","NE"
31145,31,"Red Willow","NE"
31147,31,"Richardson","NE"
31149,31,"Rock","NE"
31151,31,"Saline","NE"
31153,31,"Sarpy","NE"
31155,31,"Saunders","NE"
31157,31,"Scotts Bluff","NE"
31159,31,"Seward","NE"
31161,31,"Sheridan","NE"
31163,31,"Sherman","NE"
31165,31,"Sioux","NE"
31167,31,"Stanton","NE"
31169,31,"Thayer","NE"
31171,31,"Thomas","NE"
31173,31,"Thurston","NE"
31175,31,"Valley","NE"
31177,31,"Washington","NE"
31179,31,"Wayne","NE"
31181,31,"Webster","NE"
31183,31,"Wheeler","NE"
31185,31,"York","NE"
32001,32,"Churchill","NV"
32003,32,"Clark","NV"
32005,32,"Douglas","NV"
32007,32,"Elko","NV"
32009,32,"Esmeralda","NV"
32011,32,"Eureka","NV"
32013,32,"Humboldt","NV"
32015,32,"Lander","NV"
32017,32,"Lincoln","NV"
32019,32,"Lyon","NV"
32021,32,"Mineral","NV"
32023,32,"Nye","NV"
32027,32,"Pershing","NV"
32029,32,"Storey","NV"
32031,32,"Washoe","NV"
32033,32,"White Pine","NV"
32510,32,"Carson City","NV"
33001,33,"Belknap","NH"
33003,33,"Carroll","NH"
33005,33,"Cheshire","NH"
33007,33,"Coos","NH"
33009,33,"Grafton","NH"
33011,33,"Hillsborough","NH"
33013,33,"Merrimack","NH"
33015,33,"Rockingham","NH"
33017,33,"Strafford","NH"
33019,33,"Sullivan","NH"
34001,34,"Atlantic","NJ"
34003,34,"Bergen","NJ"
34005,34,"Burlington","NJ"
34007,34,"Camden","NJ"
34009,34,"Cape May","NJ"
34011,34,"Cumberland","NJ"
34013,34,"Essex","NJ"
34015,34,"Gloucester","NJ"
34017,34,"Hudson","NJ"
34019,34,"Hunterdon","NJ"
34021,34,"Mercer","NJ"
34023,34,"Middlesex","NJ"
34025,34,"Monmouth","NJ"
34027,34,"Morris","NJ"
34029,34,"Ocean","NJ"
34031,34,"Passaic","NJ"
34033,34,"Salem","NJ"
34035,34,"Somerset","NJ"
34037,34,"Sussex","NJ"
34039,34,"Union","NJ"
34041,34,"Warren","NJ"
35001,35,"Bernalillo","NM"
35003,35,"Catron","NM"
35005,35,"Chaves","NM"
35006,35,"Cibola","NM"
35007,35,"Colfax","NM"
35009,35,"Curry","NM"
35011,35,"De Baca","NM"
35013,35,"Dona Ana","NM"
35015,35,"Eddy","NM"
35017,35,"Grant","NM"
35019,35,"Guadalupe","NM"
35021,35,"Harding","NM"
35023,35,"Hidalgo","NM"
35025,35,"Lea","NM"
35027,35,"Lincoln","NM"
35028,35,"Los Alamos","NM"
35029,35,"Luna","NM"
35031,35,"McKinley","NM"
35033,35,"Mora","NM"
35035,35,"Otero","NM"
35037,35,"Quay","NM"
35039,35,"Rio Arriba","NM"
35041,35,"Roosevelt","NM"
35043,35,"Sandoval","NM"
35045,35,"San Juan","NM"
35047,35,"San Miguel","NM"
35049,35,"Santa Fe","NM"
35051,35,"Sierra","NM"
35053,35,"Socorro","NM"
35055,35,"Taos","NM"
35057,35,"Torrance","NM"
35059,35,"Union","NM"
35061,35,"Valencia","NM"
36001,36,"Albany","NY"
36003,36,"Allegany","NY"
36005,36,"Bronx","NY"
36007,36,"Broome","NY"
36009,36,"Cattaraugus","NY"
36011,36,"Cayuga","NY"
36013,36,"Chautauqua","NY"
36015,36,"Chemung","NY"
36017,36,"Chenango","NY"
36019,36,"Clinton","NY"
36021,36,"Columbia","NY"
36023,36,"Cortland","NY"
36025,36,"Delaware","NY"
36027,36,"Dutchess","NY"
36029,36,"Erie","NY"
36031,36,"Essex","NY"
36033,36,"Franklin","NY"
36035,36,"Fulton","NY"
36037,36,"Genesee","NY"
36039,36,"Greene","NY"
36041,36,"Hamilton","NY"
36043,36,"Herkimer","NY"
36045,36,"Jefferson","NY"
36047,36,"Kings","NY"
36049,36,"Lewis","NY"
36051,36,"Livingston","NY"
36053,36,"Madison","NY"
36055,36,"Monroe","NY"
36057,36,"Montgomery","NY"
36059,36,"Nassau","NY"
36061,36,"New York","NY"
36063,36,"Niagara","NY"
36065,36,"Oneida","NY"
36067,36,"Onondaga","NY"
36069,36,"Ontario","NY"
36071,36,"Orange","NY"
36073,36,"Orleans","NY"
36075,36,"Oswego","NY"
36077,36,"Otsego","NY"
36079,36,"Putnam","NY"
36081,36,"Queens","NY"
36083,36,"Rensselaer","NY"
36085,36,"Richmond","NY"
36087,36,"Rockland","NY"
36089,36,"Saint Lawrence","NY"
36091,36,"Saratoga","NY"
36093,36,"Schenectady","NY"
36095,36,"Schoharie","NY"
36097,36,"Schuyler","NY"
36099,36,"Seneca","NY"
36101,36,"Steuben","NY"
36103,36,"Suffolk","NY"
36105,36,"Sullivan","NY"
36107,36,"Tioga","NY"
36109,36,"Tompkins","NY"
36111,36,"Ulster","NY"
36113,36,"Warren","NY"
36115,36,"Washington","NY"
36117,36,"Wayne","NY"
36119,36,"Westchester","NY"
36121,36,"Wyoming","NY"
36123,36,"Yates","NY"
37001,37,"Alamance","NC"
37003,37,"Alexander","NC"
37005,37,"Alleghany","NC"
37007,37,"Anson","NC"
37009,37,"Ashe","NC"
37011,37,"Avery","NC"
37013,37,"Beaufort","NC"
37015,37,"Bertie","NC"
37017,37,"Bladen","NC"
37019,37,"Brunswick","NC"
37021,37,"Buncombe","NC"
37023,37,"Burke","NC"
37025,37,"Cabarrus","NC"
37027,37,"Caldwell","NC"
37029,37,"Camden","NC"
37031,37,"Carteret","NC"
37033,37,"Caswell","NC"
37035,37,"Catawba","NC"
37037,37,"Chatham","NC"
37039,37,"Cherokee","NC"
37041,37,"Chowan","NC"
37043,37,"Clay","NC"
37045,37,"Cleveland","NC"
37047,37,"Columbus","NC"
37049,37,"Craven","NC"
37051,37,"Cumberland","NC"
37053,37,"Currituck","NC"
37055,37,"Dare","NC"
37057,37,"Davidson","NC"
37059,37,"Davie","NC"
37061,37,"Duplin","NC"
37063,37,"Durham","NC"
37065,37,"Edgecombe","NC"
37067,37,"Forsyth","NC"
37069,37,"Franklin","NC"
37071,37,"Gaston","NC"
37073,37,"Gates","NC"
37075,37,"Graham","NC"
37077,37,"Granville","NC"
37079,37,"Greene","NC"
37081,37,"Guilford","NC"
37083,37,"Halifax","NC"
37085,37,"Harnett","NC"
37087,37,"Haywood","NC"
37089,37,"Henderson","NC"
37091,37,"Hertford","NC"
37093,37,"Hoke","NC"
37095,37,"Hyde","NC"
37097,37,"Iredell","NC"
37099,37,"Jackson","NC"
37101,37,"Johnston","NC"
37103,37,"Jones","NC"
37105,37,"Lee","NC"
37107,37,"Lenoir","NC"
37109,37,"Lincoln","NC"
37111,37,"McDowell","NC"
37113,37,"Macon","NC"
37115,37,"Madison","NC"
37117,37,"Martin","NC"
37119,37,"Mecklenburg","NC"
37121,37,"Mitchell","NC"
37123,37,"Montgomery","NC"
37125,37,"Moore","NC"
37127,37,"Nash","NC"
37129,37,"New Hanover","NC"
37131,37,"Northampton","NC"
37133,37,"Onslow","NC"
37135,37,"Orange","NC"
37137,37,"Pamlico","NC"
37139,37,"Pasquotank","NC"
37141,37,"Pender","NC"
37143,37,"Perquimans","NC"
37145,37,"Person","NC"
37147,37,"Pitt","NC"
37149,37,"Polk","NC"
37151,37,"Randolph","NC"
37153,37,"Richmond","NC"
37155,37,"Robeson","NC"
37157,37,"Rockingham","NC"
37159,37,"Rowan","NC"
37161,37,"Rutherford","NC"
37163,37,"Sampson","NC"
37165,37,"Scotland","NC"
37167,37,"Stanly","NC"
37169,37,"Stokes","NC"
37171,37,"Surry","NC"
37173,37,"Swain","NC"
37175,37,"Transylvania","NC"
37177,37,"Tyrrell","NC"
37179,37,"Union","NC"
37181,37,"Vance","NC"
37183,37,"Wake","NC"
37185,37,"Warren","NC"
37187,37,"Washington","NC"
37189,37,"Watauga","NC"
37191,37,"Wayne","NC"
37193,37,"Wilkes","NC"
37195,37,"Wilson","NC"
37197,37,"Yadkin","NC"
37199,37,"Yancey","NC"
38001,38,"Adams","ND"
38003,38,"Barnes","ND"
38005,38,"Benson","ND"
38007,38,"Billings","ND"
38009,38,"Bottineau","ND"
38011,38,"Bowman","ND"
38013,38,"Burke","ND"
38015,38,"Burleigh","ND"
38017,38,"Cass","ND"
38019,38,"Cavalier","ND"
38021,38,"Dickey","ND"
38023,38,"Divide","ND"
38025,38,"Dunn","ND"
38027,38,"Eddy","ND"
38029,38,"Emmons","ND"
38031,38,"Foster","ND"
38033,38,"Golden Valley","ND"
38035,38,"Grand Forks","ND"
38037,38,"Grant","ND"
38039,38,"Griggs","ND"
38041,38,"Hettinger","ND"
38043,38,"Kidder","ND"
38045,38,"Lamoure","ND"
38047,38,"Logan","ND"
38049,38,"McHenry","ND"
38051,38,"McIntosh","ND"
38053,38,"McKenzie","ND"
38055,38,"McLean","ND"
38057,38,"Mercer","ND"
38059,38,"Morton","ND"
38061,38,"Mountrail","ND"
38063,38,"Nelson","ND"
38065,38,"Oliver","ND"
38067,38,"Pembina","ND"
38069,38,"Pierce","ND"
38071,38,"Ramsey","ND"
38073,38,"Ransom","ND"
38075,38,"Renville","ND"
38077,38,"Richland","ND"
38079,38,"Rolette","ND"
38081,38,"Sargent","ND"
38083,38,"Sheridan","ND"
38085,38,"Sioux","ND"
38087,38,"Slope","ND"
38089,38,"Stark","ND"
38091,38,"Steele","ND"
38093,38,"Stutsman","ND"
38095,38,"Towner","ND"
38097,38,"Traill","ND"
38099,38,"Walsh","ND"
38101,38,"Ward","ND"
38103,38,"Wells","ND"
38105,38,"Williams","ND"
39001,39,"Adams","OH"
39003,39,"Allen","OH"
39005,39,"Ashland","OH"
39007,39,"Ashtabula","OH"
39009,39,"Athens","OH"
39011,39,"Auglaize","OH"
39013,39,"Belmont","OH"
39015,39,"Brown","OH"
39017,39,"Butler","OH"
39019,39,"Carroll","OH"
39021,39,"Champaign","OH"
39023,39,"Clark","OH"
39025,39,"Clermont","OH"
39027,39,"Clinton","OH"
39029,39,"Columbiana","OH"
39031,39,"Coshocton","OH"
39033,39,"Crawford","OH"
39035,39,"Cuyahoga","OH"
39037,39,"Darke","OH"
39039,39,"Defiance","OH"
39041,39,"Delaware","OH"
39043,39,"Erie","OH"
39045,39,"Fairfield","OH"
39047,39,"Fayette","OH"
39049,39,"Franklin","OH"
39051,39,"Fulton","OH"
39053,39,"Gallia","OH"
39055,39,"Geauga","OH"
39057,39,"Greene","OH"
39059,39,"Guernsey","OH"
39061,39,"Hamilton","OH"
39063,39,"Hancock","OH"
39065,39,"Hardin","OH"
39067,39,"Harrison","OH"
39069,39,"Henry","OH"
39071,39,"Highland","OH"
39073,39,"Hocking","OH"
39075,39,"Holmes","OH"
39077,39,"Huron","OH"
39079,39,"Jackson","OH"
39081,39,"Jefferson","OH"
39083,39,"Knox","OH"
39085,39,"Lake","OH"
39087,39,"Lawrence","OH"
39089,39,"Licking","OH"
39091,39,"Logan","OH"
39093,39,"Lorain","OH"
39095,39,"Lucas","OH"
39097,39,"Madison","OH"
39099,39,"Mahoning","OH"
39101,39,"Marion","OH"
39103,39,"Medina","OH"
39105,39,"Meigs","OH"
39107,39,"Mercer","OH"
39109,39,"Miami","OH"
39111,39,"Monroe","OH"
39113,39,"Montgomery","OH"
39115,39,"Morgan","OH"
39117,39,"Morrow","OH"
39119,39,"Muskingum","OH"
39121,39,"Noble","OH"
39123,39,"Ottawa","OH"
39125,39,"Paulding","OH"
39127,39,"Perry","OH"
39129,39,"Pickaway","OH"
39131,39,"Pike","OH"
39133,39,"Portage","OH"
39135,39,"Preble","OH"
39137,39,"Putnam","OH"
39139,39,"Richland","OH"
39141,39,"Ross","OH"
39143,39,"Sandusky","OH"
39145,39,"Scioto","OH"
39147,39,"Seneca","OH"
39149,39,"Shelby","OH"
39151,39,"Stark","OH"
39153,39,"Summit","OH"
39155,39,"Trumbull","OH"
39157,39,"Tuscarawas","OH"
39159,39,"Union","OH"
39161,39,"Van Wert","OH"
39163,39,"Vinton","OH"
39165,39,"Warren","OH"
39167,39,"Washington","OH"
39169,39,"Wayne","OH"
39171,39,"Williams","OH"
39173,39,"Wood","OH"
39175,39,"Wyandot","OH"
40001,40,"Adair","OK"
40003,40,"Alfalfa","OK"
40005,40,"Atoka","OK"
40007,40,"Beaver","OK"
40009,40,"Beckham","OK"
40011,40,"Blaine","OK"
40013,40,"Bryan","OK"
40015,40,"Caddo","OK"
40017,40,"Canadian","OK"
40019,40,"Carter","OK"
40021,40,"Cherokee","OK"
40023,40,"Choctaw","OK"
40025,40,"Cimarron","OK"
40027,40,"Cleveland","OK"
40029,40,"Coal","OK"
40031,40,"Comanche","OK"
40033,40,"Cotton","OK"
40035,40,"Craig","OK"
40037,40,"Creek","OK"
40039,40,"Custer","OK"
40041,40,"Delaware","OK"
40043,40,"Dewey","OK"
40045,40,"Ellis","OK"
40047,40,"Garfield","OK"
40049,40,"Garvin","OK"
40051,40,"Grady","OK"
40053,40,"Grant","OK"
40055,40,"Greer","OK"
40057,40,"Harmon","OK"
40059,40,"Harper","OK"
40061,40,"Haskell","OK"
40063,40,"Hughes","OK"
40065,40,"Jackson","OK"
40067,40,"Jefferson","OK"
40069,40,"Johnston","OK"
40071,40,"Kay","OK"
40073,40,"Kingfisher","OK"
40075,40,"Kiowa","OK"
40077,40,"Latimer","OK"
40079,40,"Le Flore","OK"
40081,40,"Lincoln","OK"
40083,40,"Logan","OK"
40085,40,"Love","OK"
40087,40,"McClain","OK"
40089,40,"McCurtain","OK"
40091,40,"McIntosh","OK"
40093,40,"Major","OK"
40095,40,"Marshall","OK"
40097,40,"Mayes","OK"
40099,40,"Murray","OK"
40101,40,"Muskogee","OK"
40103,40,"Noble","OK"
40105,40,"Nowata","OK"
40107,40,"Okfuskee","OK"
40109,40,"Oklahoma","OK"
40111,40,"Okmulgee","OK"
40113,40,"Osage","OK"
40115,40,"Ottawa","OK"
40117,40,"Pawnee","OK"
40119,40,"Payne","OK"
40121,40,"Pittsburg","OK"
40123,40,"Pontotoc","OK"
40125,40,"Pottawatomie","OK"
40127,40,"Pushmataha","OK"
40129,40,"Roger Mills","OK"
40131,40,"Rogers","OK"
40133,40,"Seminole","OK"
40135,40,"Sequoyah","OK"
40137,40,"Stephens","OK"
40139,40,"Texas","OK"
40141,40,"Tillman","OK"
40143,40,"Tulsa","OK"
40145,40,"Wagoner","OK"
40147,40,"Washington","OK"
40149,40,"Washita","OK"
40151,40,"Woods","OK"
40153,40,"Woodward","OK"
41001,41,"Baker","OR"
41003,41,"Benton","OR"
41005,41,"Clackamas","OR"
41007,41,"Clatsop","OR"
41009,41,"Columbia","OR"
41011,41,"Coos","OR"
41013,41,"Crook","OR"
41015,41,"Curry","OR"
41017,41,"Deschutes","OR"
41019,41,"Douglas","OR"
41021,41,"Gilliam","OR"
41023,41,"Grant","OR"
41025,41,"Harney","OR"
41027,41,"Hood River","OR"
41029,41,"Jackson","OR"
41031,41,"Jefferson","OR"
41033,41,"Josephine","OR"
41035,41,"Klamath","OR"
41037,41,"Lake","OR"
41039,41,"Lane","OR"
41041,41,"Lincoln","OR"
41043,41,"Linn","OR"
41045,41,"Malheur","OR"
41047,41,"Marion","OR"
41049,41,"Morrow","OR"
41051,41,"Multnomah","OR"
41053,41,"Polk","OR"
41055,41,"Sherman","OR"
41057,41,"Tillamook","OR"
41059,41,"Umatilla","OR"
41061,41,"Union","OR"
41063,41,"Wallowa","OR"
41065,41,"Wasco","OR"
41067,41,"Washington","OR"
41069,41,"Wheeler","OR"
41071,41,"Yamhill","OR"
42001,42,"Adams","PA"
42003,42,"Allegheny","PA"
42005,42,"Armstrong","PA"
42007,42,"Beaver","PA"
42009,42,"Bedford","PA"
42011,42,"Berks","PA"
42013,42,"Blair","PA"
42015,42,"Bradford","PA"
42017,42,"Bucks","PA"
42019,42,"Butler","PA"
42021,42,"Cambria","PA"
42023,42,"Cameron","PA"
42025,42,"Carbon","PA"
42027,42,"Centre","PA"
42029,42,"Chester","PA"
42031,42,"Clarion","PA"
42033,42,"Clearfield","PA"
42035,42,"Clinton","PA"
42037,42,"Columbia","PA"
42039,42,"Crawford","PA"
42041,42,"Cumberland","PA"
42043,42,"Dauphin","PA"
42045,42,"Delaware","PA"
42047,42,"Elk","PA"
42049,42,"Erie","PA"
42051,42,"Fayette","PA"
42053,42,"Forest","PA"
42055,42,"Franklin","PA"
42057,42,"Fulton","PA"
42059,42,"Greene","PA"
42061,42,"Huntingdon","PA"
42063,42,"Indiana","PA"
42065,42,"Jefferson","PA"
42067,42,"Juniata","PA"
42069,42,"Lackawanna","PA"
42071,42,"Lancaster","PA"
42073,42,"Lawrence","PA"
42075,42,"Lebanon","PA"
42077,42,"Lehigh","PA"
42079,42,"Luzerne","PA"
42081,42,"Lycoming","PA"
42083,42,"McKean","PA"
42085,42,"Mercer","PA"
42087,42,"Mifflin","PA"
42089,42,"Monroe","PA"
42091,42,"Montgomery","PA"
42093,42,"Montour","PA"
42095,42,"Northampton","PA"
42097,42,"Northumberland","PA"
42099,42,"Perry","PA"
42101,42,"Philadelphia","PA"
42103,42,"Pike","PA"
42105,42,"Potter","PA"
42107,42,"Schuylkill","PA"
42109,42,"Snyder","PA"
42111,42,"Somerset","PA"
42113,42,"Sullivan","PA"
42115,42,"Susquehanna","PA"
42117,42,"Tioga","PA"
42119,42,"Union","PA"
42121,42,"Venango","PA"
42123,42,"Warren","PA"
42125,42,"Washington","PA"
42127,42,"Wayne","PA"
42129,42,"Westmoreland","PA"
42131,42,"Wyoming","PA"
42133,42,"York","PA"
44001,44,"Bristol","RI"
44003,44,"Kent","RI"
44005,44,"Newport","RI"
44007,44,"Providence","RI"
44009,44,"Washington","RI"
45001,45,"Abbeville","SC"
45003,45,"Aiken","SC"
45005,45,"Allendale","SC"
45007,45,"Anderson","SC"
45009,45,"Bamberg","SC"
45011,45,"Barnwell","SC"
45013,45,"Beaufort","SC"
45015,45,"Berkeley","SC"
45017,45,"Calhoun","SC"
45019,45,"Charleston","SC"
45021,45,"Cherokee","SC"
45023,45,"Chester","SC"
45025,45,"Chesterfield","SC"
45027,45,"Clarendon","SC"
45029,45,"Colleton","SC"
45031,45,"Darlington","SC"
45033,45,"Dillon","SC"
45035,45,"Dorchester","SC"
45037,45,"Edgefield","SC"
45039,45,"Fairfield","SC"
45041,45,"Florence","SC"
45043,45,"Georgetown","SC"
45045,45,"Greenville","SC"
45047,45,"Greenwood","SC"
45049,45,"Hampton","SC"
45051,45,"Horry","SC"
45053,45,"Jasper","SC"
45055,45,"Kershaw","SC"
45057,45,"Lancaster","SC"
45059,45,"Laurens","SC"
45061,45,"Lee","SC"
45063,45,"Lexington","SC"
45065,45,"McCormick","SC"
45067,45,"Marion","SC"
45069,45,"Marlboro","SC"
45071,45,"Newberry","SC"
45073,45,"Oconee","SC"
45075,45,"Orangeburg","SC"
45077,45,"Pickens","SC"
45079,45,"Richland","SC"
45081,45,"Saluda","SC"
45083,45,"Spartanburg","SC"
45085,45,"Sumter","SC"
45087,45,"Union","SC"
45089,45,"Williamsburg","SC"
45091,45,"York","SC"
46003,46,"Aurora","SD"
46005,46,"Beadle","SD"
46007,46,"Bennett","SD"
46009,46,"Bon Homme","SD"
46011,46,"Brookings","SD"
46013,46,"Brown","SD"
46015,46,"Brule","SD"
46017,46,"Buffalo","SD"
46019,46,"Butte","SD"
46021,46,"Campbell","SD"
46023,46,"Charles Mix","SD"
46025,46,"Clark","SD"
46027,46,"Clay","SD"
46029,46,"Codington","SD"
46031,46,"Corson","SD"
46033,46,"Custer","SD"
46035,46,"Davison","SD"
46037,46,"Day","SD"
46039,46,"Deuel","SD"
46041,46,"Dewey","SD"
46043,46,"Douglas","SD"
46045,46,"Edmunds","SD"
46047,46,"Fall River","SD"
46049,46,"Faulk","SD"
46051,46,"Grant","SD"
46053,46,"Gregory","SD"
46055,46,"Haakon","SD"
46057,46,"Hamlin","SD"
46059,46,"Hand","SD"
46061,46,"Hanson","SD"
46063,46,"Harding","SD"
46065,46,"Hughes","SD"
46067,46,"Hutchinson","SD"
46069,46,"Hyde","SD"
46071,46,"Jackson","SD"
46073,46,"Jerauld","SD"
46075,46,"Jones","SD"
46077,46,"Kingsbury","SD"
46079,46,"Lake","SD"
46081,46,"Lawrence","SD"
46083,46,"Lincoln","SD"
46085,46,"Lyman","SD"
46087,46,"McCook","SD"
46089,46,"McPherson","SD"
46091,46,"Marshall","SD"
46093,46,"Meade","SD"
46095,46,"Mellette","SD"
46097,46,"Miner","SD"
46099,46,"Minnehaha","SD"
46101,46,"Moody","SD"
46103,46,"Pennington","SD"
46105,46,"Perkins","SD"
46107,46,"Potter","SD"
46109,46,"Roberts","SD"
46111,46,"Sanborn","SD"
46113,46,"Oglala Lakota","SD"
46115,46,"Spink","SD"
46117,46,"Stanley","SD"
46119,46,"Sully","SD"
46121,46,"Todd","SD"
46123,46,"Tripp","SD"
46125,46,"Turner","SD"
46127,46,"Union","SD"
46129,46,"Walworth","SD"
46135,46,"Yankton","SD"
46137,46,"Ziebach","SD"
47001,47,"Anderson","TN"
47003,47,"Bedford","TN"
47005,47,"Benton","TN"
47007,47,"Bledsoe","TN"
47009,47,"Blount","TN"
47011,47,"Bradley","TN"
47013,47,"Campbell","TN"
47015,47,"Cannon","TN"
47017,47,"Carroll","TN"
47019,47,"Carter","TN"
47021,47,"Cheatham","TN"
47023,47,"Chester","TN"
47025,47,"Claiborne","TN"
47027,47,"Clay","TN"
47029,47,"Cocke","TN"
47031,47,"Coffee","TN"
47033,47,"Crockett","TN"
47035,47,"Cumberland","TN"
47037,47,"Davidson","TN"
47039,47,"Decatur","TN"
47041,47,"DeKalb","TN"
47043,47,"Dickson","TN"
47045,47,"Dyer","TN"
47047,47,"Fayette","TN"
47049,47,"Fentress","TN"
47051,47,"Franklin","TN"
47053,47,"Gibson","TN"
47055,47,"Giles","TN"
47057,47,"Grainger","TN"
47059,47,"Greene","TN"
47061,47,"Grundy","TN"
47063,47,"Hamblen","TN"
47065,47,"Hamilton","TN"
47067,47,"Hancock","TN"
47069,47,"Hardeman","TN"
47071,47,"Hardin","TN"
47073,47,"Hawkins","TN"
47075,47,"Haywood","TN"
47077,47,"Henderson","TN"
47079,47,"Henry","TN"
47081,47,"Hickman","TN"
47083,47,"Houston","TN"
47085,47,"Humphreys","TN"
47087,47,"Jackson","TN"
47089,47,"Jefferson","TN"
47091,47,"Johnson","TN"
47093,47,"Knox","TN"
47095,47,"Lake","TN"
47097,47,"Lauderdale","TN"
47099,47,"Lawrence","TN"
47101,47,"Lewis","TN"
47103,47,"Lincoln","TN"
47105,47,"Loudon","TN"
47107,47,"McMinn","TN"
47109,47,"McNairy","TN"
47111,47,"Macon","TN"
47113,47,"Madison","TN"
47115,47,"Marion","TN"
47117,47,"Marshall","TN"
47119,47,"Maury","TN"
47121,47,"Meigs","TN"
47123,47,"Monroe","TN"
47125,47,"Montgomery","TN"
47127,47,"Moore","TN"
47129,47,"Morgan","TN"
47131,47,"Obion","TN"
47133,47,"Overton","TN"
47135,47,"Perry","TN"
47137,47,"Pickett","TN"
47139,47,"Polk","TN"
47141,47,"Putnam","TN"
47143,47,"Rhea","TN"
47145,47,"Roane","TN"
47147,47,"Robertson","TN"
47149,47,"Rutherford","TN"
47151,47,"Scott","TN"
47153,47,"Sequatchie","TN"
47155,47,"Sevier","TN"
47157,47,"Shelby","TN"
47159,47,"Smith","TN"
47161,47,"Stewart","TN"
47163,47,"Sullivan","TN"
47165,47,"Sumner","TN"
47167,47,"Tipton","TN"
47169,47,"Trousdale","TN"
47171,47,"Unicoi","TN"
47173,47,"Union","TN"
47175,47,"Van Buren","TN"
47177,47,"Warren","TN"
47179,47,"Washington","TN"
47181,47,"Wayne","TN"
47183,47,"Weakley","TN"
47185,47,"White","TN"
47187,47,"Williamson","TN"
47189,47,"Wilson","TN"
48001,48,"Anderson","TX"
48003,48,"Andrews","TX"
48005,48,"Angelina","TX"
48007,48,"Aransas","TX"
48009,48,"Archer","TX"
48011,48,"Armstrong","TX"
48013,48,"Atascosa","TX"
48015,48,"Austin","TX"
48017,48,"Bailey","TX"
48019,48,"Bandera","TX"
48021,48,"Bastrop","TX"
48023,48,"Baylor","TX"
48025,48,"Bee","TX"
48027,48,"Bell","TX"
48029,48,"Bexar","TX"
48031,48,"Blanco","TX"
48033,48,"Borden","TX"
48035,48,"Bosque","TX"
48037,48,"Bowie","TX"
48039,48,"Brazoria","TX"
48041,48,"Brazos","TX"
48043,48,"Brewster","TX"
48045,48,"Briscoe","TX"
48047,48,"Brooks","TX"
48049,48,"Brown","TX"
48051,48,"Burleson","TX"
48053,48,"Burnet","TX"
48055,48,"Caldwell","TX"
48057,48,"Calhoun","TX"
48059,48,"Callahan","TX"
48061,48,"Cameron","TX"
48063,48,"Camp","TX"
48065,48,"Carson","TX"
48067,48,"Cass","TX"
48069,48,"Castro","TX"
48071,48,"Chambers","TX"
48073,48,"Cherokee","TX"
48075,48,"Childress","TX"
48077,48,"Clay","TX"
48079,48,"Cochran","TX"
48081,48,"Coke","TX"
48083,48,"Coleman","TX"
48085,48,"Collin","TX"
48087,48,"Collingsworth","TX"
48089,48,"Colorado","TX"
48091,48,"Comal","TX"
48093,48,"Comanche","TX"
48095,48,"Concho","TX"
48097,48,"Cooke","TX"
48099,48,"Coryell","TX"
48101,48,"Cottle","TX"
48103,48,"Crane","TX"
48105,48,"Crockett","TX"
48107,48,"Crosby","TX"
48109,48,"Culberson","TX"
48111,48,"Dallam","TX"
48113,48,"Dallas","TX"
48115,48,"Dawson","TX"
48117,48,"Deaf Smith","TX"
48119,48,"Delta","TX"
48121,48,"Denton","TX"
48123,48,"De Witt","TX"
48125,48,"Dickens","TX"
48127,48,"Dimmit","TX"
48129,48,"Donley","TX"
48131,48,"Duval","TX"
48133,48,"Eastland","TX"
48135,48,"Ector","TX"
48137,48,"Edwards","TX"
48139,48,"Ellis","TX"
48141,48,"El Paso","TX"
48143,48,"Erath","TX"
48145,48,"Falls","TX"
48147,48,"Fannin","TX"
48149,48,"Fayette","TX"
48151,48,"Fisher","TX"
48153,48,"Floyd","TX"
48155,48,"Foard","TX"
48157,48,"Fort Bend","TX"
48159,48,"Franklin","TX"
48161,48,"Freestone","TX"
48163,48,"Frio","TX"
48165,48,"Gaines","TX"
48167,48,"Galveston","TX"
48169,48,"Garza","TX"
48171,48,"Gillespie","TX"
48173,48,"Glasscock","TX"
48175,48,"Goliad","TX"
48177,48,"Gonzales","TX"
48179,48,"Gray","TX"
48181,48,"Grayson","TX"
48183,48,"Gregg","TX"
48185,48,"Grimes","TX"
48187,48,"Guadalupe","TX"
48189,48,"Hale","TX"
48191,48,"Hall","TX"
48193,48,"Hamilton","TX"
48195,48,"Hansford","TX"
48197,48,"Hardeman","TX"
48199,48,"Hardin","TX"
48201,48,"Harris","TX"
48203,48,"Harrison","TX"
48205,48,"Hartley","TX"
48207,48,"Haskell","TX"
48209,48,"Hays","TX"
48211,48,"Hemphill","TX"
48213,48,"Henderson","TX"
48215,48,"Hidalgo","TX"
48217,48,"Hill","TX"
48219,48,"Hockley","TX"
48221,48,"Hood","TX"
48223,48,"Hopkins","TX"
48225,48,"Houston","TX"
48227,48,"Howard","TX"
48229,48,"Hudspeth","TX"
48231,48,"Hunt","TX"
48233,48,"Hutchinson","TX"
48235,48,"Irion","TX"
48237,48,"Jack","TX"
48239,48,"Jackson","TX"
48241,48,"Jasper","TX"
48243,48,"Jeff Davis","TX"
48245,48,"Jefferson","TX"
48247,48,"Jim Hogg","TX"
48249,48,"Jim Wells","TX"
48251,48,"Johnson","TX"
48253,48,"Jones","TX"
48255,48,"Karnes","TX"
48257,48,"Kaufman","TX"
48259,48,"Kendall","TX"
48261,48,"Kenedy","TX"
48263,48,"Kent","TX"
48265,48,"Kerr","TX"
48267,48,"Kimble","TX"
48269,48,"King","TX"
48271,48,"Kinney","TX"
48273,48,"Kleberg","TX"
48275,48,"Knox","TX"
48277,48,"Lamar","TX"
48279,48,"Lamb","TX"
48281,48,"Lampasas","TX"
48283,48,"La Salle","TX"
48285,48,"Lavaca","TX"
48287,48,"Lee","TX"
48289,48,"Leon","TX"
48291,48,"Liberty","TX"
48293,48,"Limestone","TX"
48295,48,"Lipscomb","TX"
48297,48,"Live Oak","TX"
48299,48,"Llano","TX"
48301,48,"Loving","TX"
48303,48,"Lubbock","TX"
48305,48,"Lynn","TX"
48307,48,"McCulloch","TX"
48309,48,"McLennan","TX"
48311,48,"McMullen","TX"
48313,48,"Madison","TX"
48315,48,"Marion","TX"
48317,48,"Martin","TX"
48319,48,"Mason","TX"
48321,48,"Matagorda","TX"
48323,48,"Maverick","TX"
48325,48,"Medina","TX"
48327,48,"Menard","TX"
48329,48,"Midland","TX"
48331,48,"Milam","TX"
48333,48,"Mills","TX"
48335,48,"Mitchell","TX"
48337,48,"Montague","TX"
48339,48,"Montgomery","TX"
48341,48,"Moore","TX"
48343,48,"Morris","TX"
48345,48,"Motley","TX"
48347,48,"Nacogdoches","TX"
48349,48,"Navarro","TX"
48351,48,"Newton","TX"
48353,48,"Nolan","TX"
48355,48,"Nueces","TX"
48357,48,"Ochiltree","TX"
48359,48,"Oldham","TX"
48361,48,"Orange","TX"
48363,48,"Palo Pinto","TX"
48365,48,"Panola","TX"
48367,48,"Parker","TX"
48369,48,"Parmer","TX"
48371,48,"Pecos","TX"
48373,48,"Polk","TX"
48375,48,"Potter","TX"
48377,48,"Presidio","TX"
48379,48,"Rains","TX"
48381,48,"Randall","TX"
48383,48,"Reagan","TX"
48385,48,"Real","TX"
48387,48,"Red River","TX"
48389,48,"Reeves","TX"
48391,48,"Refugio","TX"
48393,48,"Roberts","TX"
48395,48,"Robertson","TX"
48397,48,"Rockwall","TX"
48399,48,"Runnels","TX"
48401,48,"Rusk","TX"
48403,48,"Sabine","TX"
48405,48,"San Augustine","TX"
48407,48,"San Jacinto","TX"
48409,48,"San Patricio","TX"
48411,48,"San Saba","TX"
48413,48,"Schleicher","TX"
48415,48,"Scurry","TX"
48417,48,"Shackelford","TX"
48419,48,"Shelby","TX"
48421,48,"Sherman","TX"
48423,48,"Smith","TX"
48425,48,"Somervell","TX"
48427,48,"Starr","TX"
48429,48,"Stephens","TX"
48431,48,"Sterling","TX"
48433,48,"Stonewall","TX"
48435,48,"Sutton","TX"
48437,48,"Swisher","TX"
48439,48,"Tarrant","TX"
48441,48,"Taylor","TX"
48443,48,"Terrell","TX"
48445,48,"Terry","TX"
48447,48,"Throckmorton","TX"
48449,48,"Titus","TX"
48451,48,"Tom Green","TX"
48453,48,"Travis","TX"
48455,48,"Trinity","TX"
48457,48,"Tyler","TX"
48459,48,"Upshur","TX"
48461,48,"Upton","TX"
48463,48,"Uvalde","TX"
48465,48,"Val Verde","TX"
48467,48,"Van Zandt","TX"
48469,48,"Victoria","TX"
48471,48,"Walker","TX"
48473,48,"Waller","TX"
48475,48,"Ward","TX"
48477,48,"Washington","TX"
48479,48,"Webb","TX"
48481,48,"Wharton","TX"
48483,48,"Wheeler","TX"
48485,48,"Wichita","TX"
48487,48,"Wilbarger","TX"
48489,48,"Willacy","TX"
48491,48,"Williamson","TX"
48493,48,"Wilson","TX"
48495,48,"Winkler","TX"
48497,48,"Wise","TX"
48499,48,"Wood","TX"
48501,48,"Yoakum","TX"
48503,48,"Young","TX"
48505,48,"Zapata","TX"
48507,48,"Zavala","TX"
49001,49,"Beaver","UT"
49003,49,"Box Elder","UT"
49005,49,"Cache","UT"
49007,49,"Carbon","UT"
49009,49,"Daggett","UT"
49011,49,"Davis","UT"
49013,49,"Duchesne","UT"
49015,49,"Emery","UT"
49017,49,"Garfield","UT"
49019,49,"Grand","UT"
49021,49,"Iron","UT"
49023,49,"Juab","UT"
49025,49,"Kane","UT"
49027,49,"Millard","UT"
49029,49,"Morgan","UT"
49031,49,"Piute","UT"
49033,49,"Rich","UT"
49035,49,"Salt Lake","UT"
49037,49,"San Juan","UT"
49039,49,"Sanpete","UT"
49041,49,"Sevier","UT"
49043,49,"Summit","UT"
49045,49,"Tooele","UT"
49047,49,"Uintah","UT"
49049,49,"Utah","UT"
49051,49,"Wasatch","UT"
49053,49,"Washington","UT"
49055,49,"Wayne","UT"
49057,49,"Weber","UT"
50001,50,"Addison","VT"
50003,50,"Bennington","VT"
50005,50,"Caledonia","VT"
50007,50,"Chittenden","VT"
50009,50,"Essex","VT"
50011,50,"Franklin","VT"
50013,50,"Grand Isle","VT"
50015,50,"Lamoille","VT"
50017,50,"Orange","VT"
50019,50,"Orleans","VT"
50021,50,"Rutland","VT"
50023,50,"Washington","VT"
50025,50,"Windham","VT"
50027,50,"Windsor","VT"
51001,51,"Accomack","VA"
51003,51,"Albemarle","VA"
51005,51,"Alleghany","VA"
51007,51,"Amelia","VA"
51009,51,"Amherst","VA"
51011,51,"Appomattox","VA"
51013,51,"Arlington","VA"
51015,51,"Augusta","VA"
51017,51,"Bath","VA"
51019,51,"Bedford","VA"
51021,51,"Bland","VA"
51023,51,"Botetourt","VA"
51025,51,"Brunswick","VA"
51027,51,"Buchanan","VA"
51029,51,"Buckingham","VA"
51031,51,"Campbell","VA"
51033,51,"Caroline","VA"
51035,51,"Carroll","VA"
51036,51,"Charles City","VA"
51037,51,"Charlotte","VA"
51041,51,"Chesterfield","VA"
51043,51,"Clarke","VA"
51045,51,"Craig","VA"
51047,51,"Culpeper","VA"
51049,51,"Cumberland","VA"
51051,51,"Dickenson","VA"
51053,51,"Dinwiddie","VA"
51057,51,"Essex","VA"
51059,51,"Fairfax","VA"
51061,51,"Fauquier","VA"
51063,51,"Floyd","VA"
51065,51,"Fluvanna","VA"
51067,51,"Franklin","VA"
51069,51,"Frederick","VA"
51071,51,"Giles","VA"
51073,51,"Gloucester","VA"
51075,51,"Goochland","VA"
51077,51,"Grayson","VA"
51079,51,"Greene","VA"
51081,51,"Greensville","VA"
51083,51,"Halifax","VA"
51085,51,"Hanover","VA"
51087,51,"Henrico","VA"
51089,51,"Henry","VA"
51091,51,"Highland","VA"
51093,51,"Isle of Wight","VA"
51095,51,"James City","VA"
51097,51,"King and Queen","VA"
51099,51,"King George","VA"
51101,51,"King William","VA"
51103,51,"Lancaster","VA"
51105,51,"Lee","VA"
51107,51,"Loudoun","VA"
51109,51,"Louisa","VA"
51111,51,"Lunenburg","VA"
51113,51,"Madison","VA"
51115,51,"Mathews","VA"
51117,51,"Mecklenburg","VA"
51119,51,"Middlesex","VA"
51121,51,"Montgomery","VA"
51125,51,"Nelson","VA"
51127,51,"New Kent","VA"
51131,51,"Northampton","VA"
51133,51,"Northumberland","VA"
51135,51,"Nottoway","VA"
51137,51,"Orange","VA"
51139,51,"Page","VA"
51141,51,"Patrick","VA"
51143,51,"Pittsylvania","VA"
51145,51,"Powhatan","VA"
51147,51,"Prince Edward","VA"
51149,51,"Prince George","VA"
51153,51,"Prince William","VA"
51155,51,"Pulaski","VA"
51157,51,"Rappahannock","VA"
51159,51,"Richmond","VA"
51161,51,"Roanoke","VA"
51163,51,"Rockbridge","VA"
51165,51,"Rockingham","VA"
51167,51,"Russell","VA"
51169,51,"Scott","VA"
51171,51,"Shenandoah","VA"
51173,51,"Smyth","VA"
51175,51,"Southampton","VA"
51177,51,"Spotsylvania","VA"
51179,51,"Stafford","VA"
51181,51,"Surry","VA"
51183,51,"Sussex","VA"
51185,51,"Tazewell","VA"
51187,51,"Warren","VA"
51191,51,"Washington","VA"
51193,51,"Westmoreland","VA"
51195,51,"Wise","VA"
51197,51,"Wythe","VA"
51199,51,"York","VA"
51510,51,"Alexandria City","VA"
51520,51,"Bristol City","VA"
51530,51,"Buena Vista City","VA"
51540,51,"Charlottesville City","VA"
51550,51,"Chesapeake City","VA"
51570,51,"Colonial Heights City","VA"
51580,51,"Covington City","VA"
51590,51,"Danville City","VA"
51595,51,"Emporia City","VA"
51600,51,"Fairfax City","VA"
51610,51,"Falls Church City","VA"
51620,51,"Franklin City","VA"
51630,51,"Fredericksburg City","VA"
51640,51,"Galax City","VA"
51650,51,"Hampton City","VA"
51660,51,"Harrisonburg City","VA"
51670,51,"Hopewell City","VA"
51678,51,"Lexington City","VA"
51680,51,"Lynchburg City","VA"
51683,51,"Manassas City","VA"
51685,51,"Manassas Park City","VA"
51690,51,"Martinsville City","VA"
51700,51,"Newport News City","VA"
51710,51,"Norfolk City","VA"
51720,51,"Norton City","VA"
51730,51,"Petersburg City","VA"
51735,51,"Poquoson City","VA"
51740,51,"Portsmouth City","VA"
51750,51,"Radford City","VA"
51760,51,"Richmond City","VA"
51770,51,"Roanoke City","VA"
51775,51,"Salem City","VA"
51790,51,"Staunton City","VA"
51800,51,"Suffolk City","VA"
51810,51,"Virginia Beach City","VA"
51820,51,"Waynesboro City","VA"
51830,51,"Williamsburg City","VA"
51840,51,"Winchester City","VA"
53001,53,"Adams","WA"
53003,53,"Asotin","WA"
53005,53,"Benton","WA"
53007,53,"Chelan","WA"
53009,53,"Clallam","WA"
53011,53,"Clark","WA"
53013,53,"Columbia","WA"
53015,53,"Cowlitz","WA"
53017,53,"Douglas","WA"
53019,53,"Ferry","WA"
53021,53,"Franklin","WA"
53023,53,"Garfield","WA"
53025,53,"Grant","WA"
53027,53,"Grays Harbor","WA"
53029,53,"Island","WA"
53031,53,"Jefferson","WA"
53033,53,"King","WA"
53035,53,"Kitsap","WA"
53037,53,"Kittitas","WA"
53039,53,"Klickitat","WA"
53041,53,"Lewis","WA"
53043,53,"Lincoln","WA"
53045,53,"Mason","WA"
53047,53,"Okanogan","WA"
53049,53,"Pacific","WA"
53051,53,"Pend Oreille","WA"
53053,53,"Pierce","WA"
53055,53,"San Juan","WA"
53057,53,"Skagit","WA"
53059,53,"Skamania","WA"
53061,53,"Snohomish","WA"
53063,53,"Spokane","WA"
53065,53,"Stevens","WA"
53067,53,"Thurston","WA"
53069,53,"Wahkiakum","WA"
53071,53,"Walla Walla","WA"
53073,53,"Whatcom","WA"
53075,53,"Whitman","WA"
53077,53,"Yakima","WA"
54001,54,"Barbour","WV"
54003,54,"Berkeley","WV"
54005,54,"Boone","WV"
54007,54,"Braxton","WV"
54009,54,"Brooke","WV"
54011,54,"Cabell","WV"
54013,54,"Calhoun","WV"
54015,54,"Clay","WV"
54017,54,"Doddridge","WV"
54019,54,"Fayette","WV"
54021,54,"Gilmer","WV"
54023,54,"Grant","WV"
54025,54,"Greenbrier","WV"
54027,54,"Hampshire","WV"
54029,54,"Hancock","WV"
54031,54,"Hardy","WV"
54033,54,"Harrison","WV"
54035,54,"Jackson","WV"
54037,54,"Jefferson","WV"
54039,54,"Kanawha","WV"
54041,54,"Lewis","WV"
54043,54,"Lincoln","WV"
54045,54,"Logan","WV"
54047,54,"McDowell","WV"
54049,54,"Marion","WV"
54051,54,"Marshall","WV"
54053,54,"Mason","WV"
54055,54,"Mercer","WV"
54057,54,"Mineral","WV"
54059,54,"Mingo","WV"
54061,54,"Monongalia","WV"
54063,54,"Monroe","WV"
54065,54,"Morgan","WV"
54067,54,"Nicholas","WV"
54069,54,"Ohio","WV"
54071,54,"Pendleton","WV"
54073,54,"Pleasants","WV"
54075,54,"Pocahontas","WV"
54077,54,"Preston","WV"
54079,54,"Putnam","WV"
54081,54,"Raleigh","WV"
54083,54,"Randolph","WV"
54085,54,"Ritchie","WV"
54087,54,"Roane","WV"
54089,54,"Summers","WV"
54091,54,"Taylor","WV"
54093,54,"Tucker","WV"
54095,54,"Tyler","WV"
54097,54,"Upshur","WV"
54099,54,"Wayne","WV"
54101,54,"Webster","WV"
54103,54,"Wetzel","WV"
54105,54,"Wirt","WV"
54107,54,"Wood","WV"
54109,54,"Wyoming","WV"
55001,55,"Adams","WI"
55003,55,"Ashland","WI"
55005,55,"Barron","WI"
55007,55,"Bayfield","WI"
55009,55,"Brown","WI"
55011,55,"Buffalo","WI"
55013,55,"Burnett","WI"
55015,55,"Calumet","WI"
55017,55,"Chippewa","WI"
55019,55,"Clark","WI"
55021,55,"Columbia","WI"
55023,55,"Crawford","WI"
55025,55,"Dane","WI"
55027,55,"Dodge","WI"
55029,55,"Door","WI"
55031,55,"Douglas","WI"
55033,55,"Dunn","WI"
55035,55,"Eau Claire","WI"
55037,55,"Florence","WI"
55039,55,"Fond du Lac","WI"
55041,55,"Forest","WI"
55043,55,"Grant","WI"
55045,55,"Green","WI"
55047,55,"Green Lake","WI"
55049,55,"Iowa","WI"
55051,55,"Iron","WI"
55053,55,"Jackson","WI"
55055,55,"Jefferson","WI"
55057,55,"Juneau","WI"
55059,55,"Kenosha","WI"
55061,55,"Kewaunee","WI"
55063,55,"La Crosse","WI"
55065,55,"Lafayette","WI"
55067,55,"Langlade","WI"
55069,55,"Lincoln","WI"
55071,55,"Manitowoc","WI"
55073,55,"Marathon","WI"
55075,55,"Marinette","WI"
55077,55,"Marquette","WI"
55078,55,"Menominee","WI"
55079,55,"Milwaukee","WI"
55081,55,"Monroe","WI"
55083,55,"Oconto","WI"
55085,55,"Oneida","WI"
55087,55,"Outagamie","WI"
55089,55,"Ozaukee","WI"
55091,55,"Pepin","WI"
55093,55,"Pierce","WI"
55095,55,"Polk","WI"
55097,55,"Portage","WI"
55099,55,"Price","WI"
55101,55,"Racine","WI"
55103,55,"Richland","WI"
55105,55,"Rock","WI"
55107,55,"Rusk","WI"
55109,55,"Saint Croix","WI"
55111,55,"Sauk","WI"
55113,55,"Sawyer","WI"
55115,55,"Shawano","WI"
55117,55,"Sheboygan","WI"
55119,55,"Taylor","WI"
55121,55,"Trempealeau","WI"
55123,55,"Vernon","WI"
55125,55,"Vilas","WI"
55127,55,"Walworth","WI"
55129,55,"Washburn","WI"
55131,55,"Washington","WI"
55133,55,"Waukesha","WI"
55135,55,"Waupaca","WI"
55137,55,"Waushara","WI"
55139,55,"Winnebago","WI"
55141,55,"Wood","WI"
56001,56,"Albany","WY"
56003,56,"Big Horn","WY"
56005,56,"Campbell","WY"
56007,56,"Carbon","WY"
56009,56,"Converse","WY"
56011,56,"Crook","WY"
56013,56,"Fremont","WY"
56015,56,"Goshen","WY"
56017,56,"Hot Springs","WY"
56019,56,"Johnson","WY"
56021,56,"Laramie","WY"
56023,56,"Lincoln","WY"
56025,56,"Natrona","WY"
56027,56,"Niobrara","WY"
56029,56,"Park","WY"
56031,56,"Platte","WY"
56033,56,"Sheridan","WY"
56035,56,"Sublette","WY"
56037,56,"Sweetwater","WY"
56039,56,"Teton","WY"
56041,56,"Uinta","WY"
56043,56,"Washakie","WY"
56045,56,"Weston","WY"
